line_length_cv,char_entropy,leading_whitespace_ratio,tab_density,sentence_punctuation_rate,paragraph_break_rate,alpha_ratio,line_uniqueness,short_line_ratio,symbol_ratio,delimiter_consistency,json_brace_depth,key_value_ratio,xml_tag_ratio,log_line_ratio,comment_ratio,numeric_field_ratio,repetitive_structure_score,category,sub_type,line_count
0.698,5.1423,0.1648,0.0,0.0232,0.4161,1.0839,0.2879,0.0446,0.0,0.0449,0.0,0.0172,0.0,0.0371,0.1291,0.016,0.0166,artifact,boilerplate,54
0.6742,5.0622,0.0,0.0,0.0,0.199,0.9886,0.283,0.1313,0.0899,0.0,0.0,0.1514,0.0,0.0,0.0,0.0,0.4573,artifact,boilerplate,61
0.8192,4.8946,0.2358,0.0,0.0075,0.3354,1.0953,0.0,0.0,0.0,0.0,0.0197,0.0,0.0894,0.2045,0.0,0.0244,0.0358,artifact,boilerplate,63
0.7831,4.8362,0.0,0.0693,0.0,0.1968,0.9912,0.2416,0.0,0.0,0.0324,0.0,0.0,0.0,0.0387,0.0139,0.0,0.1018,artifact,boilerplate,60
0.6755,4.8171,0.063,0.0,0.0,0.2868,1.0338,0.0988,0.0,0.0453,0.0,0.0,0.0,0.0,0.0,0.1608,0.0,0.3617,artifact,boilerplate,58
0.7195,4.9391,0.0,0.0,0.2123,0.2419,0.9651,0.241,0.1556,0.1489,0.1072,0.0,0.0,0.0,0.0,0.0,0.0873,0.2362,artifact,boilerplate,66
0.8249,4.8448,0.0,0.0,0.3033,0.3215,0.9811,0.0239,0.174,0.1461,0.0,0.0339,0.1732,0.0,0.1884,0.0,0.0,0.0677,artifact,boilerplate,55
0.6714,4.8988,0.0365,0.0,0.01,0.0081,1.0957,0.0073,0.1473,0.0,0.2511,0.0059,0.0,0.0,0.0,0.0,0.0,0.2575,artifact,boilerplate,59
0.5934,5.0801,0.0609,0.0,0.0,0.2248,0.9806,0.2608,0.0601,0.0029,0.0,0.0,0.1305,0.0985,0.0,0.0,0.0,0.3157,artifact,boilerplate,66
0.6796,4.8337,0.0365,0.1057,0.0,0.1723,1.1011,0.3464,0.0,0.1911,0.0706,0.0,0.005,0.0,0.0,0.0,0.0,0.2418,artifact,boilerplate,51
0.6973,4.8365,0.0308,0.0,0.0,0.3142,1.0353,0.1263,0.0,0.0,0.1546,0.0,0.0,0.0414,0.0461,0.0,0.0355,0.2438,artifact,boilerplate,54
0.68,4.7878,0.0,0.0,0.0582,0.2298,0.9733,0.0995,0.0764,0.0475,0.0049,0.061,0.0,0.0,0.0,0.0,0.0,0.331,artifact,boilerplate,44
0.6731,4.1129,0.2495,0.0,0.0,0.1488,0.8477,0.8981,0.2219,0.0436,0.0,0.0,0.227,0.0,0.03,0.024,0.1886,0.0747,artifact,ocr_mixed,51
0.7627,3.937,0.0,0.0,0.1622,0.081,1.0986,0.8822,0.0019,0.0877,0.0,0.0,0.0237,0.0,0.0,0.048,0.0185,0.1167,artifact,ocr_mixed,41
0.9943,4.2705,0.2791,0.009,0.0807,0.1048,1.1446,0.7757,0.0362,0.005,0.0,0.0593,0.6171,0.0289,0.0169,0.0,0.2954,0.1227,artifact,ocr_mixed,48
0.5977,4.0782,0.1006,0.1249,0.0,0.0408,0.9698,0.8836,0.1225,0.0541,0.2086,0.0882,0.021,0.0,0.0,0.0,0.0,0.1975,artifact,ocr_mixed,47
0.8934,4.254,0.224,0.0,0.0,0.1596,0.7637,1.1089,0.072,0.0,0.0591,0.0,0.2035,0.0329,0.0847,0.0,0.1021,0.2547,artifact,ocr_mixed,43
1.0039,4.235,0.2365,0.0,0.0108,0.1615,0.6615,0.9208,0.0359,0.0191,0.0892,0.0,0.3675,0.254,0.2541,0.0,0.1498,0.3789,artifact,ocr_mixed,45
0.7738,4.2827,0.0664,0.0,0.0836,0.0452,0.726,1.1928,0.1374,0.0,0.0,0.0112,0.2127,0.0,0.0,0.1759,0.3092,0.166,artifact,ocr_mixed,51
0.7702,4.2912,0.3831,0.0407,0.0,0.1851,0.8531,0.8543,0.0794,0.0,0.1044,0.0051,0.3922,0.0275,0.0,0.0399,0.1508,0.2177,artifact,ocr_mixed,52
0.8364,3.9864,0.3476,0.2465,0.0,0.0357,0.9307,0.9238,0.0807,0.0,0.1603,0.0,0.045,0.1759,0.0,0.0531,0.1999,0.1479,artifact,ocr_mixed,53
0.7485,4.224,0.1045,0.0634,0.0,0.2318,0.8699,0.9124,0.1349,0.0,0.0237,0.0,0.1832,0.135,0.1157,0.1329,0.3482,0.1543,artifact,ocr_mixed,42
0.8223,5.3098,0.3217,0.1553,0.0,0.1792,0.7299,0.5085,0.2348,0.1667,0.0,0.0,0.0692,0.0,0.0245,0.0371,0.0,0.0233,code,dockerfile,48
0.9507,5.1417,0.1293,0.0672,0.0443,0.434,0.8426,0.718,0.145,0.0934,0.0,0.0202,0.0278,0.1137,0.1364,0.0,0.0172,0.2825,code,dockerfile,37
1.0667,5.622,0.1656,0.0284,0.0,0.4202,0.7746,0.6847,0.1829,0.121,0.0,0.0,0.1539,0.1368,0.075,0.0,0.0,0.3165,code,dockerfile,46
1.0666,5.3695,0.2228,0.0,0.0,0.1464,0.7348,0.8175,0.1672,0.029,0.0,0.0255,0.073,0.0,0.0,0.1393,0.0,0.476,code,dockerfile,55
1.1184,5.2933,0.0798,0.1947,0.0311,0.1736,0.7198,0.6804,0.3069,0.0618,0.0,0.0,0.0867,0.0,0.0,0.0,0.0124,0.3587,code,dockerfile,46
0.9003,5.3254,0.0,0.0,0.0822,0.3347,0.6109,0.8338,0.0618,0.1961,0.0182,0.0,0.0689,0.1979,0.009,0.078,0.1071,0.2796,code,dockerfile,41
1.1863,5.3271,0.2402,0.0,0.0,0.5028,0.8106,0.6472,0.2064,0.185,0.0,0.1477,0.1277,0.0,0.2042,0.0,0.0,0.0,code,dockerfile,35
0.9199,5.4196,0.208,0.0,0.226,0.2902,0.8296,0.7684,0.0124,0.2082,0.0121,0.0,0.055,0.0636,0.0892,0.1479,0.0,0.5103,code,dockerfile,50
0.8292,5.3147,0.3631,0.1601,0.0,0.3831,0.8417,0.5736,0.1194,0.1427,0.0,0.0,0.1285,0.0,0.0,0.0,0.0,0.2084,code,dockerfile,46
1.0085,5.22,0.0028,0.0,0.0,0.5243,0.699,0.59,0.1132,0.2247,0.1198,0.0,0.3128,0.1606,0.0,0.0852,0.0592,0.3055,code,dockerfile,47
0.9121,5.1064,0.2795,0.1742,0.0586,0.223,0.7671,0.6655,0.3652,0.136,0.053,0.0,0.0962,0.0504,0.1652,0.0,0.1206,0.4791,code,dockerfile,48
0.954,5.3183,0.2596,0.0,0.0,0.2326,0.8696,0.6093,0.2975,0.1904,0.0,0.0,0.131,0.0,0.2854,0.0918,0.0149,0.4257,code,dockerfile,47
0.9902,5.2466,0.1487,0.0727,0.0,0.2974,0.8518,0.6664,0.3885,0.1445,0.2386,0.0,0.1434,0.0,0.2466,0.0,0.0,0.3757,code,dockerfile,51
0.9772,5.3757,0.0472,0.0,0.0,0.3004,1.0932,0.6105,0.1564,0.1425,0.0,0.0975,0.1909,0.132,0.0869,0.177,0.1413,0.3279,code,dockerfile,39
0.94,5.1758,0.2556,0.0,0.0,0.2088,0.9165,0.4594,0.0835,0.0698,0.0,0.1422,0.0889,0.1233,0.0,0.0065,0.0,0.36,code,dockerfile,47
0.6472,4.7748,0.699,0.0882,0.1824,0.0,0.6472,1.1072,0.0505,0.0542,0.0859,0.0721,0.6044,1.4052,0.0509,0.0,0.0985,0.3664,code,html,20
0.6074,4.7201,0.7499,0.0291,0.0,0.0,0.6602,0.9597,0.573,0.0,0.0394,0.0392,0.5926,1.0481,0.0,0.02,0.0,0.6324,code,html,21
0.5801,5.075,0.8697,0.044,0.2794,0.2147,0.8462,0.9764,0.3047,0.0889,0.0806,0.0709,0.5695,0.8897,0.0972,0.2494,0.0,0.1822,code,html,22
0.5406,5.0129,0.8433,0.0009,0.0,0.0,0.7947,1.0597,0.4415,0.1639,0.0067,0.0,0.5649,1.1461,0.1208,0.0626,0.0542,0.1248,code,html,20
0.7149,4.9623,0.5553,0.0,0.0,0.0,0.738,0.8232,0.3512,0.1219,0.0365,0.2452,0.6857,0.7903,0.0,0.0,0.0,0.3092,code,html,23
0.3894,4.5797,0.6823,0.0888,0.0924,0.0911,0.912,1.0835,0.3901,0.184,0.0,0.0229,0.6381,0.9069,0.0527,0.0,0.0,0.4462,code,html,21
0.3894,4.6187,0.6344,0.0,0.1436,0.0,0.7947,1.0223,0.3698,0.1194,0.0,0.0231,0.4907,0.8802,0.0185,0.0186,0.0,0.3333,code,html,22
0.7931,4.7001,0.7774,0.0,0.0308,0.0,0.8668,1.0938,0.2756,0.0404,0.014,0.0,0.7968,0.955,0.0,0.0,0.0,0.4288,code,html,25
0.5943,4.502,0.8633,0.1191,0.0,0.2994,0.6684,1.0577,0.3147,0.1262,0.1735,0.0,0.6965,1.145,0.0,0.0,0.0492,0.5555,code,html,21
0.649,4.6131,0.9286,0.0905,0.0,0.0,0.9611,0.7231,0.1438,0.0776,0.0,0.0,0.6759,0.9826,0.1197,0.0402,0.0,0.3051,code,html,21
0.5196,4.7877,0.6002,0.0,0.2021,0.0,0.6986,0.8964,0.0931,0.0,0.0,0.0,0.7335,1.1478,0.036,0.0584,0.011,0.2121,code,html,20
0.7957,4.646,0.8568,0.0,0.0511,0.0,0.8127,1.0378,0.4553,0.1129,0.0,0.0068,0.5522,1.1477,0.137,0.0572,0.1222,0.2035,code,html,24
0.5565,4.514,0.6252,0.0,0.0,0.0,0.5665,0.931,0.3246,0.2496,0.0,0.0142,0.5723,1.0258,0.0,0.0,0.0,0.4473,code,html,21
0.496,4.7123,0.5892,0.0181,0.0,0.0,0.7438,1.1722,0.3609,0.1261,0.0,0.0,0.7194,0.8695,0.0579,0.2895,0.2263,0.3069,code,html,20
0.7421,5.0898,0.0199,0.0,0.0,0.0741,0.7137,0.9215,0.3743,0.0949,0.0,0.0,0.6711,0.0365,0.0,0.0,0.1178,0.7567,code,ini_config,48
0.4828,4.9699,0.0,0.0,0.0,0.1378,0.8315,0.8891,0.2071,0.0648,0.0,0.0489,0.8344,0.0,0.0,0.0,0.0011,0.7035,code,ini_config,56
0.7763,4.897,0.111,0.0,0.0,0.0713,0.6813,0.8224,0.3197,0.0775,0.0793,0.0,0.7589,0.0,0.0,0.0723,0.4271,0.5526,code,ini_config,57
0.5517,4.952,0.0842,0.0,0.0,0.0384,0.7573,0.9066,0.5411,0.143,0.0,0.0764,0.4806,0.0227,0.1506,0.159,0.11,0.5142,code,ini_config,42
0.6329,4.816,0.1478,0.0,0.0708,0.1143,1.1192,1.0149,0.4724,0.1363,0.0616,0.0232,0.6825,0.0,0.2894,0.0,0.0665,0.5012,code,ini_config,52
0.7331,5.133,0.0,0.1178,0.0035,0.3381,0.8418,0.8387,0.2187,0.1398,0.072,0.0,0.6612,0.0,0.0843,0.0,0.1282,0.7083,code,ini_config,53
0.6228,4.9494,0.2487,0.0887,0.0,0.0196,0.7978,1.0048,0.1914,0.1224,0.0226,0.0456,0.415,0.0,0.1662,0.0211,0.0,0.7167,code,ini_config,45
0.4809,4.9161,0.0531,0.0,0.117,0.1387,0.878,0.9881,0.4231,0.066,0.1381,0.0,0.6723,0.0094,0.0,0.0,0.2806,0.4747,code,ini_config,50
0.451,5.0286,0.0023,0.1575,0.1835,0.2951,0.9757,0.7801,0.4382,0.1543,0.0,0.02,0.7183,0.1233,0.0,0.0471,0.0,0.5902,code,ini_config,47
0.5783,4.9626,0.0,0.0,0.0,0.0649,0.7308,0.9569,0.4307,0.2588,0.0,0.0,0.6898,0.0,0.0,0.1722,0.0728,0.7503,code,ini_config,44
0.596,5.0846,0.0139,0.0,0.0129,0.0763,0.7357,0.9324,0.1701,0.0,0.0,0.0586,0.5786,0.0,0.1967,0.2216,0.0778,0.6132,code,ini_config,47
0.5635,4.9085,0.0,0.0,0.0365,0.2015,0.8445,0.8304,0.4179,0.244,0.0,0.0,0.573,0.0281,0.1655,0.03,0.2495,0.4783,code,ini_config,49
0.4265,4.9574,0.0,0.0,0.0,0.0,0.8902,0.9694,0.2648,0.1154,0.0,0.0059,0.6546,0.0132,0.076,0.0,0.1087,0.644,code,ini_config,52
0.4874,4.9262,0.0,0.0,0.0251,0.3321,0.8641,0.7905,0.3931,0.2091,0.0034,0.0417,0.7202,0.0,0.0,0.0326,0.0,0.7661,code,ini_config,48
0.7498,4.3462,0.8359,0.0,0.0316,0.164,0.8096,0.9231,0.3115,0.0,0.1308,0.093,0.1924,0.0,0.0895,0.0,0.1784,0.035,code,javascript,44
0.5758,4.3875,0.9756,0.0013,0.1581,0.2912,0.8322,0.914,0.2747,0.0725,0.0083,0.035,0.3478,0.0913,0.0,0.0225,0.0947,0.0133,code,javascript,35
0.5763,4.2062,0.5987,0.0,0.161,0.1061,0.8443,0.8572,0.306,0.066,0.0,0.1575,0.3548,0.0,0.2675,0.0,0.1757,0.0,code,javascript,42
0.8321,4.4225,0.7623,0.0902,0.0291,0.1385,1.0702,0.8722,0.1254,0.0,0.0,0.0898,0.3482,0.0,0.0375,0.0,0.0903,0.0,code,javascript,35
0.8698,4.5542,0.4749,0.1761,0.0686,0.2651,0.819,0.8149,0.2162,0.1208,0.0,0.0027,0.3815,0.1389,0.1512,0.01,0.0,0.169,code,javascript,39
0.7474,4.4212,0.6737,0.0,0.0,0.2434,0.7795,0.7588,0.297,0.1495,0.0714,0.0485,0.4823,0.0031,0.0433,0.0351,0.0,0.036,code,javascript,39
0.7113,4.1269,0.6306,0.0,0.0637,0.0,0.9701,0.8902,0.1563,0.1374,0.0529,0.0,0.2676,0.0875,0.2386,0.0,0.0133,0.0564,code,javascript,39
0.8509,4.2115,0.8516,0.1228,0.032,0.208,0.9156,0.8219,0.2502,0.0896,0.0735,0.0,0.3642,0.0,0.1553,0.0,0.233,0.0336,code,javascript,30
0.7623,4.5673,0.3862,0.0806,0.0,0.1409,0.7777,0.7358,0.0,0.2117,0.0,0.0178,0.4034,0.0,0.0701,0.0672,0.0017,0.278,code,javascript,36
0.9754,4.3592,0.6142,0.3426,0.0,0.1126,0.7652,0.9409,0.2135,0.0,0.0,0.113,0.5211,0.0,0.0,0.0,0.1444,0.063,code,javascript,35
0.7949,4.2809,0.8082,0.2768,0.0064,0.1346,0.8925,0.8139,0.2502,0.0127,0.1535,0.0103,0.2445,0.1351,0.0,0.0832,0.2281,0.1055,code,javascript,37
0.8965,4.2646,0.5344,0.0,0.1435,0.0585,0.9853,0.9061,0.2442,0.0956,0.003,0.2475,0.3972,0.0,0.0834,0.1034,0.0493,0.2754,code,javascript,36
0.0356,4.5463,0.0,0.0,0.0,0.0,0.8852,1.0253,0.0,0.2196,0.0,0.0565,0.8452,0.2037,0.0117,0.1076,0.0,0.1334,code,minified_js,1
0.0,4.8236,0.1415,0.0,0.0,0.0296,0.7633,1.0586,0.1181,0.3219,0.153,0.0,1.0108,0.0,0.0906,0.0,0.0023,0.0,code,minified_js,2
0.085,5.0062,0.0879,0.0,0.0,0.1432,0.667,1.1652,0.0,0.2902,0.2727,0.0,1.0267,0.1634,0.0,0.1649,0.0,0.1248,code,minified_js,1
0.0,4.911,0.0,0.0,0.0255,0.0,0.7984,1.1203,0.0789,0.2964,0.1014,0.1493,0.9676,0.0,0.1255,0.0689,0.0,0.0,code,minified_js,0
0.0,4.6792,0.0,0.0,0.1216,0.0662,0.7247,1.0479,0.0668,0.1744,0.1112,0.0,0.8809,0.0,0.0,0.0,0.0,0.0,code,minified_js,0
0.0458,4.579,0.0,0.1055,0.0,0.0442,0.8142,1.034,0.2082,0.0,0.0,0.0712,0.9435,0.0044,0.0,0.1858,0.0157,0.112,code,minified_js,1
0.0,4.8392,0.0809,0.1246,0.1003,0.0,0.8071,0.9174,0.1523,0.0,0.0317,0.0,0.8487,0.0,0.0,0.0,0.0952,0.1015,code,minified_js,1
0.0432,4.702,0.0,0.0768,0.201,0.2228,0.739,0.7163,0.0,0.0141,0.0,0.0,0.8801,0.0,0.0,0.0,0.0,0.1817,code,minified_js,2
0.0688,4.8854,0.0578,0.0,0.0549,0.0,0.5224,0.7597,0.0,0.1649,0.0,0.0,0.9921,0.0,0.0583,0.0,0.0,0.1069,code,minified_js,3
0.0,4.6243,0.0,0.0,0.0,0.0147,0.7721,0.9185,0.0,0.2081,0.0,0.2708,1.0238,0.0,0.0,0.0,0.0,0.2476,code,minified_js,2
0.1626,4.7934,0.0497,0.0,0.0808,0.0144,0.4862,1.0744,0.0,0.0856,0.0,0.0,0.9566,0.0172,0.0615,0.2034,0.0984,0.0,code,minified_js,0
0.0297,4.7397,0.2175,0.19,0.0,0.0,0.7787,1.3152,0.0,0.0,0.1146,0.0,0.9271,0.009,0.0,0.0,0.0138,0.0371,code,minified_js,0
0.9166,4.5129,0.6637,0.0903,0.0,0.1724,0.5991,0.9942,0.0,0.0346,0.0,0.0919,0.2846,0.0039,0.0,0.0,0.0259,0.2334,code,python,38
0.7373,4.4,0.4053,0.0,0.0,0.2933,0.8808,0.9107,0.0957,0.0588,0.069,0.2489,0.2362,0.0,0.0171,0.0,0.2952,0.1838,code,python,32
0.5364,4.6438,0.7265,0.0517,0.0,0.2235,0.9802,0.8518,0.0771,0.002,0.002,0.0223,0.6136,0.0,0.0,0.0,0.0883,0.3426,code,python,35
0.6706,4.3952,0.6269,0.0,0.0615,0.114,0.9272,0.7033,0.1391,0.0,0.0,0.0,0.4602,0.069,0.0,0.0,0.0025,0.1063,code,python,31
0.6596,4.0676,0.6661,0.0,0.0,0.0249,0.6598,0.8438,0.312,0.0,0.183,0.0697,0.297,0.0974,0.0,0.0,0.0144,0.212,code,python,32
0.4438,4.3714,0.4589,0.0183,0.0786,0.3339,0.8328,0.7665,0.1292,0.0228,0.0,0.0672,0.4792,0.0437,0.0,0.0249,0.0124,0.0774,code,python,34
0.8614,4.66,0.7483,0.0,0.0,0.4275,0.8602,0.4433,0.1484,0.0,0.0425,0.1154,0.5612,0.0,0.203,0.1001,0.0,0.0952,code,python,33
0.4043,4.5203,0.6418,0.0,0.0,0.3294,0.9379,0.6645,0.2582,0.1362,0.2276,0.0399,0.4111,0.0,0.1241,0.0,0.1398,0.1764,code,python,30
0.9598,4.483,0.4606,0.0925,0.0287,0.1844,1.0067,0.7114,0.1263,0.1778,0.0,0.058,0.4438,0.071,0.0337,0.0,0.0661,0.0464,code,python,24
0.935,4.56,0.7692,0.0,0.0511,0.2011,0.7982,0.949,0.1671,0.1385,0.0858,0.08,0.5066,0.1576,0.2306,0.0,0.0522,0.2005,code,python,30
0.5937,4.38,0.5957,0.1356,0.046,0.016,0.8312,0.7457,0.05,0.0968,0.0,0.0,0.417,0.0309,0.0,0.1682,0.1136,0.2759,code,python,31
1.1132,4.2629,0.3838,0.1197,0.0987,0.2604,0.8544,0.771,0.2161,0.1527,0.0,0.0021,0.2337,0.0286,0.0,0.0378,0.0,0.4521,code,python,27
0.781,4.4936,0.6411,0.0905,0.0,0.2213,0.8918,0.8434,0.2439,0.0093,0.0135,0.0907,0.483,0.2541,0.0,0.0742,0.1367,0.2765,code,python,28
0.9058,4.4668,0.5558,0.0,0.0,0.1271,0.8086,0.8511,0.0693,0.1779,0.0221,0.2103,0.4169,0.0,0.0,0.1309,0.0089,0.4297,code,python,31
0.7734,4.4479,0.5036,0.0056,0.0755,0.3784,0.822,0.7747,0.3638,0.0077,0.0,0.1407,0.6436,0.0,0.0205,0.1942,0.1168,0.3963,code,python,29
0.8104,4.6713,0.6093,0.1213,0.0,0.2064,0.7271,0.7809,0.1882,0.1363,0.0787,0.2557,0.4537,0.0,0.113,0.0,0.0,0.2688,code,python_with_docstrings,93
0.5489,4.5575,0.559,0.0,0.0639,0.0318,0.6422,0.5834,0.1775,0.193,0.0,0.0603,0.22,0.0,0.0086,0.0399,0.0,0.3114,code,python_with_docstrings,108
0.8128,4.588,0.8326,0.036,0.1047,0.1733,1.0248,0.7081,0.2952,0.0455,0.0937,0.006,0.4743,0.0,0.0,0.0,0.0752,0.4457,code,python_with_docstrings,88
0.6207,4.7558,0.466,0.0,0.0,0.0923,0.8226,0.5992,0.1401,0.0602,0.1097,0.2114,0.4315,0.0389,0.2258,0.1031,0.0,0.4878,code,python_with_docstrings,77
0.7556,4.4974,0.8358,0.0,0.232,0.2161,0.812,0.9434,0.0,0.0,0.0,0.0,0.4215,0.15,0.0288,0.0,0.0,0.2903,code,python_with_docstrings,86
0.6866,4.6279,0.6542,0.1076,0.0,0.2067,0.8102,0.561,0.1563,0.0,0.0077,0.154,0.2199,0.0183,0.0695,0.0455,0.1006,0.5024,code,python_with_docstrings,75
0.7812,4.6623,0.6205,0.2167,0.183,0.0,0.8497,0.7737,0.0,0.1649,0.0,0.0,0.4178,0.1474,0.067,0.0226,0.0,0.4934,code,python_with_docstrings,82
0.8082,4.6177,0.8302,0.0915,0.0949,0.2815,0.9549,0.5301,0.2374,0.2682,0.0,0.0538,0.4256,0.0,0.1,0.0,0.0338,0.2057,code,python_with_docstrings,95
0.8812,4.6088,0.5558,0.0,0.0233,0.1495,0.82,0.784,0.1138,0.1676,0.0,0.2354,0.2193,0.0454,0.0144,0.0635,0.0,0.3082,code,python_with_docstrings,87
0.8116,4.492,0.3727,0.0267,0.0874,0.2054,0.7415,0.6185,0.0754,0.0,0.0423,0.079,0.2976,0.0,0.1353,0.0,0.1906,0.4189,code,python_with_docstrings,95
0.706,4.4485,0.6482,0.0,0.1087,0.2231,0.9913,0.8059,0.123,0.0,0.1338,0.0,0.5645,0.0308,0.0,0.0,0.0,0.3953,code,python_with_docstrings,84
0.5893,4.6572,0.6434,0.0,0.0808,0.1964,0.8895,0.7046,0.1098,0.1371,0.0,0.0,0.2503,0.0029,0.0,0.1089,0.0894,0.5402,code,python_with_docstrings,82
0.7324,4.6537,0.6098,0.0,0.0639,0.16,0.9694,0.9432,0.0713,0.1929,0.0,0.0614,0.603,0.0,0.0,0.0,0.07,0.1393,code,python_with_docstrings,90
0.7432,4.6083,0.7244,0.0178,0.0442,0.2412,0.7752,0.6539,0.0781,0.0428,0.0,0.0093,0.4824,0.089,0.1624,0.0,0.1342,0.3179,code,python_with_docstrings,81
0.8422,4.4919,0.6147,0.0839,0.0576,0.1009,0.7828,0.8145,0.3703,0.0831,0.0,0.0,0.3005,0.233,0.0,0.0,0.0286,0.2042,code,rust,54
0.6626,4.5743,0.7051,0.0391,0.0,0.1972,0.6575,0.8904,0.2296,0.0,0.0559,0.0,0.2716,0.179,0.0,0.0,0.0,0.1805,code,rust,52
0.8578,4.6544,0.5782,0.0,0.0088,0.1997,0.9916,0.9307,0.1744,0.0174,0.0,0.0675,0.5357,0.1521,0.0862,0.0494,0.1027,0.0734,code,rust,43
0.8467,4.4033,0.818,0.0,0.046,0.1795,0.7859,0.8002,0.4911,0.1302,0.0,0.0666,0.4522,0.0069,0.0,0.0,0.0,0.1651,code,rust,55
0.8637,4.5333,0.5483,0.0573,0.0207,0.155,0.9425,0.9317,0.2859,0.366,0.0274,0.0809,0.2525,0.0,0.0,0.0,0.1933,0.223,code,rust,52
0.8002,4.4628,0.9083,0.2224,0.1819,0.3787,0.8973,1.0657,0.3841,0.0856,0.038,0.1594,0.1711,0.0281,0.0,0.2637,0.0,0.2756,code,rust,50
0.6766,4.5728,0.6248,0.0,0.0,0.0,0.8662,0.6235,0.4849,0.0171,0.1234,0.1583,0.3289,0.0374,0.2213,0.0,0.0563,0.2404,code,rust,46
0.9199,4.5695,0.637,0.0,0.0226,0.1048,0.7607,0.8026,0.4354,0.0632,0.1202,0.1645,0.2503,0.1331,0.0,0.0,0.0,0.0098,code,rust,50
0.6956,4.349,0.6865,0.0,0.0,0.1834,0.8753,0.7986,0.2009,0.2295,0.1325,0.0,0.3193,0.1855,0.1189,0.0,0.0,0.2496,code,rust,49
0.703,4.6669,0.6349,0.0,0.0,0.0232,0.815,0.7032,0.2297,0.1704,0.0934,0.2107,0.0671,0.1229,0.0,0.07,0.1977,0.4214,code,rust,48
0.9709,4.413,0.4779,0.0,0.0,0.3094,0.7669,0.7823,0.4105,0.0,0.0,0.0214,0.0,0.0158,0.0295,0.0291,0.0,0.3694,code,rust,50
0.8763,4.4787,0.7094,0.0,0.0,0.141,0.7978,0.6764,0.3611,0.0,0.0,0.0,0.1358,0.0983,0.1246,0.0324,0.0,0.2666,code,rust,44
0.5825,4.4621,0.7635,0.2311,0.0119,0.1973,0.7673,0.7531,0.4848,0.2783,0.0296,0.0,0.3502,0.1323,0.0,0.0,0.1734,0.1936,code,rust,50
0.7289,4.5761,0.5837,0.0,0.0,0.2131,0.8896,0.7702,0.2382,0.1578,0.083,0.0,0.1562,0.13,0.0011,0.0599,0.0,0.2625,code,rust,48
1.2177,5.5178,0.7176,0.108,0.0,0.2445,0.5974,0.8715,0.2655,0.0,0.1508,0.0,0.3371,0.0,0.0,0.2618,0.177,0.3864,code,shell,37
1.162,5.3608,0.2379,0.0,0.0,0.0945,0.8184,0.8114,0.2826,0.1237,0.0,0.0772,0.379,0.1494,0.0943,0.0235,0.1792,0.4603,code,shell,40
1.1216,5.2339,0.3455,0.0,0.134,0.2981,0.797,0.8693,0.1159,0.131,0.0,0.0867,0.3036,0.0,0.0,0.0229,0.0,0.3388,code,shell,38
0.8825,5.5002,0.3315,0.0,0.0,0.2414,0.5179,0.647,0.3215,0.1414,0.0,0.0,0.3648,0.1228,0.1091,0.0,0.0899,0.2041,code,shell,43
1.1311,5.1429,0.3004,0.0,0.0,0.3398,0.7385,0.8803,0.2093,0.1306,0.0846,0.0,0.2025,0.0,0.1651,0.0644,0.0,0.3743,code,shell,42
0.9944,5.3839,0.3013,0.0,0.0,0.2793,0.6727,0.7915,0.2057,0.2293,0.0,0.1499,0.2221,0.13,0.128,0.0395,0.0379,0.0766,code,shell,38
1.1135,5.4524,0.4287,0.2449,0.5183,0.2283,0.602,0.7911,0.0823,0.2416,0.0,0.0847,0.3381,0.1232,0.0,0.0,0.0682,0.0943,code,shell,43
1.1252,5.1906,0.1358,0.0533,0.219,0.1141,0.6043,0.798,0.037,0.0887,0.0,0.1334,0.1432,0.0431,0.0,0.0161,0.0,0.0,code,shell,37
0.861,5.1302,0.2624,0.0,0.0,0.3221,0.6633,0.9447,0.1401,0.3572,0.0,0.0,0.3906,0.1998,0.1219,0.0,0.0,0.3316,code,shell,34
0.8571,5.4806,0.2871,0.0879,0.0875,0.1288,0.7869,0.8674,0.1378,0.0791,0.0035,0.0,0.0,0.0057,0.0,0.0969,0.148,0.1606,code,shell,41
0.8816,5.3892,0.4194,0.0342,0.0462,0.4198,0.8289,0.7222,0.0,0.1012,0.0343,0.1015,0.2288,0.1383,0.2194,0.2096,0.1297,0.2285,code,shell,43
1.0314,5.2393,0.1465,0.0,0.0,0.2414,0.6369,0.7164,0.2337,0.2033,0.0,0.2869,0.333,0.1224,0.0,0.0,0.0,0.2479,code,shell,36
0.9842,5.483,0.4271,0.0252,0.0725,0.2143,0.6306,0.7099,0.3948,0.1854,0.0838,0.0011,0.1672,0.0,0.0821,0.0,0.0,0.4429,code,shell,39
0.9256,5.4998,0.4442,0.1225,0.0311,0.4027,0.6975,0.732,0.2429,0.0,0.0,0.051,0.2033,0.0135,0.0028,0.0272,0.0,0.2905,code,shell,46
0.6725,5.5355,0.2889,0.0,0.0,0.4091,0.6679,0.7536,0.2984,0.1192,0.062,0.0,0.6274,0.0,0.0879,0.1328,0.0,0.0792,code,shell_with_comments,98
1.0084,5.4555,0.3177,0.1111,0.0627,0.0195,0.8706,0.4688,0.171,0.0,0.0048,0.0141,0.3735,0.1527,0.0,0.3579,0.1347,0.1344,code,shell_with_comments,93
0.6241,5.4943,0.3466,0.0,0.0129,0.0,0.8907,0.7439,0.2465,0.1914,0.0634,0.0,0.6024,0.0,0.0041,0.043,0.0951,0.3311,code,shell_with_comments,89
0.541,5.5219,0.1179,0.0,0.0,0.0,0.8672,0.803,0.1963,0.0,0.0,0.0364,0.5161,0.0621,0.0,0.4046,0.0,0.2187,code,shell_with_comments,92
0.807,5.577,0.4336,0.0,0.0,0.2788,0.7266,1.0077,0.2108,0.0,0.0728,0.0408,0.6808,0.0276,0.0,0.4085,0.0322,0.4582,code,shell_with_comments,95
0.934,5.4054,0.3689,0.0596,0.0,0.2213,0.4584,0.8559,0.1696,0.1416,0.0262,0.1476,0.4565,0.1331,0.0,0.3774,0.086,0.3609,code,shell_with_comments,107
0.6649,5.6544,0.3245,0.1412,0.0,0.0869,0.7177,0.6249,0.1377,0.1322,0.0,0.1909,0.3787,0.0,0.0688,0.3971,0.0,0.4239,code,shell_with_comments,70
0.7538,5.3664,0.443,0.0475,0.0,0.1381,0.6651,0.6776,0.3399,0.0,0.0,0.274,0.5096,0.1201,0.0816,0.29,0.0,0.3976,code,shell_with_comments,80
0.699,5.492,0.3147,0.0,0.0,0.2632,0.7998,0.7706,0.3223,0.1943,0.0,0.0,0.5719,0.0,0.1019,0.3171,0.2363,0.4376,code,shell_with_comments,67
0.8998,5.4359,0.5792,0.0,0.0,0.1569,0.5446,0.6132,0.3015,0.0804,0.0,0.0,0.3103,0.0,0.0,0.3231,0.1817,0.1475,code,shell_with_comments,92
0.5741,5.4006,0.1894,0.0293,0.0,0.0948,0.8164,0.7225,0.1613,0.0,0.1448,0.0,0.3404,0.0579,0.0,0.3352,0.0,0.3292,code,shell_with_comments,86
0.6792,5.5583,0.179,0.0,0.0,0.1471,0.6623,0.856,0.2834,0.3544,0.0,0.0,0.537,0.0866,0.0021,0.2689,0.0,0.1841,code,shell_with_comments,93
0.9734,5.5295,0.4356,0.0,0.0,0.1832,0.5925,0.7868,0.0,0.0,0.0,0.0617,0.4319,0.1544,0.0,0.1634,0.0,0.2322,code,shell_with_comments,109
0.6175,5.2994,0.0867,0.0,0.0079,0.2216,0.7412,0.9967,0.4323,0.0,0.0791,0.0,0.1266,0.0566,0.0575,0.0272,0.0,0.2023,code,sql,26
0.6572,5.2671,0.4936,0.0,0.0753,0.243,0.7668,0.8487,0.2098,0.0994,0.0123,0.0,0.1355,0.0,0.1416,0.2668,0.0,0.1715,code,sql,26
0.6947,5.3798,0.1004,0.4053,0.0069,0.0,0.7084,0.9771,0.2263,0.0781,0.0284,0.0,0.2539,0.0355,0.1735,0.0,0.0,0.0408,code,sql,26
0.6879,5.3114,0.3545,0.0,0.0,0.1599,0.8579,1.0047,0.0021,0.0,0.0,0.0,0.2996,0.2521,0.0,0.0,0.0057,0.3286,code,sql,24
0.5616,5.346,0.2762,0.0,0.1192,0.1265,0.7986,0.8578,0.238,0.1875,0.0823,0.0,0.1866,0.1453,0.1805,0.0,0.141,0.3339,code,sql,29
0.7276,5.3628,0.1788,0.0532,0.0236,0.1642,0.8928,0.9707,0.0437,0.1277,0.0,0.0,0.1465,0.0285,0.0,0.0,0.0,0.2437,code,sql,22
0.6138,5.1493,0.1556,0.1848,0.1617,0.1645,0.9424,0.9208,0.0,0.0028,0.0,0.0,0.1835,0.2154,0.0,0.0648,0.0,0.0,code,sql,26
0.6645,5.2233,0.3077,0.317,0.0,0.0,0.852,1.0523,0.2492,0.2455,0.0,0.0222,0.1938,0.0,0.0559,0.0,0.0,0.339,code,sql,22
0.6868,5.411,0.3746,0.0,0.0,0.2375,0.7116,0.872,0.0038,0.2163,0.0,0.0758,0.1195,0.109,0.1073,0.0482,0.0,0.3634,code,sql,27
0.7641,5.1324,0.3327,0.0,0.0,0.134,0.8435,0.8274,0.1767,0.0,0.1886,0.0,0.1243,0.0635,0.0,0.1924,0.0,0.3565,code,sql,28
0.5726,5.1792,0.25,0.0,0.1024,0.2869,0.9183,0.9769,0.0646,0.0,0.0382,0.1613,0.1231,0.1066,0.0722,0.2677,0.0,0.1988,code,sql_with_comments,64
0.762,5.2852,0.3708,0.0146,0.0858,0.0285,0.8425,0.9643,0.0373,0.1061,0.0935,0.0109,0.0304,0.1021,0.0858,0.2265,0.0418,0.2764,code,sql_with_comments,63
0.8149,5.2658,0.2512,0.0689,0.0,0.1011,1.0037,0.828,0.0903,0.1144,0.0,0.037,0.2196,0.0,0.0094,0.4729,0.453,0.2507,code,sql_with_comments,59
0.4866,5.1404,0.1432,0.2701,0.0,0.0,0.8996,0.9984,0.1207,0.0643,0.0963,0.1929,0.0848,0.2093,0.0,0.5015,0.0,0.0,code,sql_with_comments,61
0.7172,5.3934,0.0196,0.1498,0.0716,0.0994,0.8696,0.8238,0.125,0.1377,0.1565,0.087,0.2607,0.358,0.0316,0.3019,0.0,0.267,code,sql_with_comments,71
0.5878,5.1036,0.2995,0.0,0.0,0.0,0.8038,0.9427,0.2194,0.0,0.1156,0.0,0.0061,0.0,0.0568,0.1815,0.0857,0.0,code,sql_with_comments,64
0.6716,5.2424,0.4275,0.0911,0.1615,0.0346,0.8757,0.9452,0.0581,0.0384,0.066,0.1558,0.0131,0.0,0.0,0.1723,0.09,0.2343,code,sql_with_comments,73
0.5564,5.621,0.4142,0.0201,0.0,0.2149,0.9731,1.0064,0.1985,0.2541,0.0,0.2223,0.1039,0.0931,0.1604,0.1898,0.0,0.0722,code,sql_with_comments,58
0.6135,5.3,0.1627,0.083,0.1718,0.222,0.9489,0.8297,0.2821,0.1428,0.0,0.0,0.0413,0.0,0.1098,0.2339,0.0,0.206,code,sql_with_comments,67
0.7901,5.2135,0.3214,0.0,0.0322,0.1784,0.7909,0.685,0.1384,0.1308,0.0,0.0,0.0772,0.0,0.0,0.1341,0.0749,0.258,code,sql_with_comments,58
0.63,5.156,0.2999,0.0,0.0721,0.0884,0.9917,0.7909,0.0,0.0,0.0688,0.1064,0.3066,0.0225,0.0,0.3956,0.0661,0.4491,code,sql_with_comments,65
0.864,5.1289,0.5393,0.0,0.0,0.0,0.7908,0.7375,0.067,0.0,0.0977,0.0,0.1654,0.0,0.1683,0.0812,0.0,0.2275,code,sql_with_comments,72
0.5909,5.595,0.3966,0.2617,0.0,0.2747,0.8354,0.8562,0.0,0.2168,0.0447,0.0895,0.0699,0.1315,0.0,0.2396,0.0,0.1791,code,sql_with_comments,70
0.5205,4.8931,0.0102,0.0,0.004,0.1832,0.7475,0.8212,0.366,0.0421,0.1726,0.1959,0.6339,0.1805,0.0,0.0585,0.0178,0.3735,code,toml_config,40
0.8315,4.9124,0.0,0.0,0.173,0.4081,0.7575,0.792,0.33,0.0,0.0,0.0276,0.6658,0.0916,0.06,0.0,0.1845,0.5098,code,toml_config,38
0.8006,4.857,0.0,0.1724,0.0474,0.0265,0.8405,0.8077,0.1802,0.0847,0.2982,0.0014,0.8215,0.0795,0.0249,0.0213,0.2724,0.3555,code,toml_config,36
0.9999,5.1661,0.0,0.0879,0.0217,0.0433,0.6186,0.8594,0.0353,0.1404,0.0,0.0,0.8332,0.0896,0.0,0.0,0.0366,0.2845,code,toml_config,39
1.0908,4.7492,0.0,0.0,0.0,0.2507,0.6741,0.7205,0.3484,0.0,0.0,0.0078,0.7391,0.2484,0.1594,0.0,0.0775,0.4046,code,toml_config,36
0.8598,5.0515,0.1507,0.0,0.0899,0.0292,0.6303,1.007,0.0,0.2125,0.1279,0.1432,0.6862,0.284,0.0,0.0808,0.0,0.4059,code,toml_config,45
0.9926,4.9608,0.0,0.081,0.0,0.1257,0.6611,0.7367,0.1851,0.025,0.0,0.0,0.5217,0.1093,0.0,0.0,0.0,0.6162,code,toml_config,39
0.9478,4.8179,0.0492,0.0,0.0,0.0009,0.8104,1.0582,0.4398,0.0,0.0,0.0204,0.6514,0.0988,0.0,0.0989,0.0154,0.165,code,toml_config,41
0.8504,4.6453,0.0,0.033,0.0,0.1244,0.5777,0.8707,0.3178,0.0994,0.1667,0.1422,0.7386,0.0164,0.1407,0.1295,0.0,0.3859,code,toml_config,41
0.8767,4.8337,0.0916,0.0,0.0,0.3062,0.7403,0.8957,0.0753,0.0,0.0,0.0,0.7073,0.0837,0.1688,0.0326,0.031,0.3467,code,toml_config,37
1.0427,4.9423,0.0216,0.0,0.0,0.0602,1.0757,1.1127,0.2318,0.3115,0.0,0.0321,0.9504,0.0,0.0,0.2341,0.2895,0.4332,code,toml_config,39
0.997,4.8725,0.065,0.1042,0.0097,0.1833,0.4929,0.9492,0.2551,0.0,0.2425,0.1587,0.7855,0.0,0.0,0.0,0.1559,0.3711,code,toml_config,30
0.8877,4.8541,0.0756,0.0,0.0,0.1476,0.7936,0.8349,0.1531,0.3721,0.0,0.0,0.5975,0.2008,0.0,0.0,0.0,0.3164,code,toml_config,32
0.6874,4.8326,0.0,0.0,0.0,0.1466,0.8547,1.0571,0.123,0.0,0.0,0.0957,0.564,0.1929,0.0792,0.0,0.0,0.5424,code,toml_config,45
0.7854,4.7901,0.0419,0.0,0.0247,0.0546,1.1954,0.6671,0.0617,0.0268,0.0673,0.0,0.7146,0.1119,0.0493,0.0295,0.0133,0.5974,code,toml_config,30
0.7216,4.855,0.2444,0.0,0.1817,0.0972,0.7608,0.8619,0.011,0.0362,0.0887,0.0,0.4431,0.1402,0.0174,0.1994,0.0503,0.2529,code,toml_with_comments,50
0.6552,4.881,0.0,0.0,0.06,0.0256,0.6177,0.8564,0.1211,0.1396,0.115,0.0514,0.6109,0.0,0.0,0.1237,0.0217,0.2375,code,toml_with_comments,55
0.7819,4.9964,0.0699,0.0,0.0,0.2526,0.8418,0.8948,0.0,0.1284,0.0,0.0,0.5251,0.0,0.0,0.0,0.1827,0.3187,code,toml_with_comments,50
0.8486,4.7665,0.096,0.2286,0.0,0.023,0.769,0.8212,0.1835,0.0387,0.0,0.0,0.7085,0.0,0.0,0.1776,0.1076,0.3097,code,toml_with_comments,50
0.7378,4.8764,0.0159,0.1292,0.0,0.2377,0.9486,0.6719,0.0,0.0963,0.0,0.1818,0.7025,0.0,0.0,0.0,0.0,0.2581,code,toml_with_comments,60
0.9194,4.8715,0.1856,0.1705,0.0917,0.2131,0.7412,0.6717,0.1168,0.1498,0.0626,0.181,0.5461,0.0745,0.0,0.2395,0.0,0.3025,code,toml_with_comments,49
0.9985,4.8785,0.0,0.0,0.0,0.1223,0.79,0.8671,0.0,0.1021,0.0,0.1257,0.575,0.0309,0.0197,0.059,0.0615,0.3042,code,toml_with_comments,38
0.7901,4.8605,0.1496,0.1056,0.0,0.1391,0.7452,1.0206,0.0,0.0434,0.1493,0.0,0.5702,0.0,0.0,0.3297,0.0,0.2525,code,toml_with_comments,60
0.479,4.8028,0.0,0.0949,0.0,0.0779,0.978,0.7748,0.1764,0.0666,0.0676,0.0,0.6975,0.0561,0.1635,0.2694,0.1371,0.2578,code,toml_with_comments,51
0.8875,4.9418,0.0,0.0,0.0321,0.0646,0.7575,0.971,0.2489,0.128,0.0,0.2045,0.6732,0.0,0.0,0.1288,0.0,0.1798,code,toml_with_comments,45
0.8612,4.7178,0.068,0.0,0.0316,0.2946,0.4879,0.946,0.0943,0.0339,0.0336,0.0863,0.8936,0.0633,0.164,0.3426,0.1547,0.0,code,toml_with_comments,54
0.8285,4.9055,0.0,0.0,0.0,0.0622,0.872,1.006,0.2011,0.0749,0.0803,0.1807,0.4791,0.2056,0.0,0.1245,0.0,0.3882,code,toml_with_comments,55
0.5834,3.9122,0.8083,0.2757,0.0722,0.0,0.8678,1.0025,0.7274,0.0563,0.0001,0.0,0.6279,0.0,0.0,0.1143,0.0,0.6526,code,yaml_config,44
0.5208,3.8197,0.9431,0.0,0.1746,0.0,0.8403,1.0754,0.604,0.1401,0.1148,0.104,0.5781,0.1359,0.0,0.016,0.1413,0.4382,code,yaml_config,46
0.5907,3.7276,0.7739,0.0,0.0,0.0,0.7842,0.8934,0.7084,0.0,0.0871,0.1133,0.4855,0.0625,0.0,0.0,0.0331,0.3935,code,yaml_config,44
0.5019,3.8954,0.8081,0.0574,0.0,0.1119,0.8156,0.9232,0.6275,0.0,0.0,0.1188,0.7317,0.0,0.0347,0.0,0.2626,0.4832,code,yaml_config,40
0.5698,3.9397,0.6526,0.0,0.0455,0.04,0.9175,0.9722,0.7914,0.0,0.0,0.0,0.6169,0.2612,0.0,0.2188,0.0,0.3368,code,yaml_config,46
0.5343,3.9098,0.6929,0.003,0.0014,0.0543,0.7016,1.092,0.804,0.0486,0.0,0.0861,0.402,0.0889,0.0,0.0202,0.2069,0.5861,code,yaml_config,43
0.4564,3.8171,0.8924,0.0,0.0,0.0148,0.709,0.9138,0.6801,0.0,0.0,0.0454,0.6501,0.0,0.0984,0.0,0.1184,0.4581,code,yaml_config,42
0.3696,3.9055,0.9602,0.0692,0.0525,0.0269,0.7592,1.1307,0.5201,0.0652,0.0,0.0889,0.4766,0.0,0.0,0.0,0.088,0.5857,code,yaml_config,38
0.5672,3.9078,0.7158,0.0802,0.0,0.0783,0.9585,1.1494,0.6356,0.0,0.1647,0.1685,0.5876,0.0231,0.0,0.0,0.0416,0.607,code,yaml_config,46
0.5153,3.9206,0.9468,0.0,0.0634,0.0,0.876,1.1173,0.8739,0.0614,0.1137,0.0852,0.5353,0.0,0.0,0.0,0.0,0.5496,code,yaml_config,49
0.475,3.8251,0.7653,0.0,0.0155,0.0,1.0434,0.9167,0.9792,0.0,0.0,0.0499,0.5249,0.0437,0.0,0.0,0.1674,0.353,code,yaml_config,36
0.482,3.9754,0.8046,0.0763,0.0,0.27,1.0082,1.0752,0.5738,0.1044,0.0156,0.0,0.5981,0.02,0.3961,0.0,0.1533,0.469,code,yaml_config,43
0.4481,4.0949,0.7127,0.1895,0.0067,0.1766,1.024,0.9983,0.8421,0.0,0.162,0.0,0.5593,0.0,0.0598,0.0,0.0,0.6797,code,yaml_config,47
0.5526,3.9924,0.9478,0.0,0.0809,0.0,0.8015,0.9621,0.6372,0.1176,0.0,0.0,0.6197,0.0,0.0,0.0,0.1149,0.5477,code,yaml_config,47
0.34,3.8397,0.819,0.0,0.1313,0.0,0.8864,0.9482,0.5575,0.0,0.0,0.0808,0.5665,0.077,0.0,0.0,0.0,0.7043,code,yaml_nested,60
0.4098,3.7677,0.778,0.1467,0.0004,0.0,0.7314,0.9837,0.7126,0.0073,0.0802,0.0,0.6091,0.1152,0.1468,0.0731,0.0836,0.5198,code,yaml_nested,77
0.4274,3.8553,1.0469,0.1296,0.0,0.1986,0.8446,0.7762,0.5415,0.0878,0.0,0.0369,0.5016,0.189,0.0822,0.0,0.0406,0.7481,code,yaml_nested,66
0.422,3.7672,0.7861,0.1238,0.0,0.0,0.73,1.1433,0.7884,0.0,0.0,0.0,0.507,0.0534,0.0382,0.0522,0.1758,0.7204,code,yaml_nested,81
0.4771,4.0631,0.7257,0.0,0.0,0.1577,0.8244,1.0073,0.6665,0.1246,0.0,0.1812,0.5104,0.0365,0.0,0.0,0.0519,0.5957,code,yaml_nested,64
0.3574,3.9163,0.8376,0.092,0.0,0.1255,0.7702,0.9176,0.797,0.0,0.0578,0.0,0.5541,0.0,0.0899,0.0341,0.0844,0.5033,code,yaml_nested,66
0.2618,3.7564,0.9347,0.0123,0.0313,0.0,0.7414,0.8977,0.6459,0.1811,0.0,0.1196,0.6114,0.0,0.0,0.0014,0.0573,0.6902,code,yaml_nested,75
0.2862,3.8851,0.8211,0.0,0.0876,0.0502,1.1842,1.1034,0.6124,0.0848,0.0,0.1135,0.6279,0.0,0.0688,0.1959,0.1743,0.7679,code,yaml_nested,73
0.6254,3.9707,0.9232,0.0,0.0,0.0,0.8653,0.8951,0.3614,0.0,0.1198,0.0,0.6851,0.0,0.218,0.0,0.1968,0.5452,code,yaml_nested,74
0.2571,3.8701,0.8743,0.0,0.08,0.1971,0.8055,0.9465,0.4267,0.0,0.1236,0.0,0.6284,0.0,0.1396,0.1806,0.0,0.4944,code,yaml_nested,67
0.4332,3.8875,0.7799,0.0465,0.073,0.0133,0.7013,0.9194,0.5484,0.0043,0.0885,0.032,0.5992,0.0,0.013,0.0,0.0,0.5204,code,yaml_nested,84
0.552,3.7868,0.971,0.0,0.164,0.0939,0.9837,0.8512,0.675,0.0,0.0722,0.0,0.6377,0.0,0.0649,0.0137,0.0908,0.5814,code,yaml_nested,78
0.3787,3.3482,0.0,0.0034,0.0,0.0,0.5114,0.5943,0.959,0.0555,0.0,0.0,0.0,0.0907,0.0,0.0733,0.0,0.8823,artifact,ocr_garbage,94
0.0458,3.4169,0.169,0.1257,0.0356,0.2378,0.5021,0.3994,0.8502,0.0,0.0,0.217,0.0,0.02,0.0,0.0,0.1798,0.9335,artifact,ocr_garbage,85
0.0676,3.1473,0.0355,0.0343,0.057,0.0304,0.6077,0.2615,1.0615,0.0374,0.0138,0.0,0.0,0.0,0.0,0.0,0.1912,0.9202,artifact,ocr_garbage,79
0.2345,3.3131,0.145,0.0,0.1811,0.1279,0.3742,0.3769,0.8236,0.2742,0.0,0.0,0.106,0.1095,0.0521,0.0,0.0456,0.9773,artifact,ocr_garbage,58
0.309,3.5795,0.0,0.0882,0.0,0.0,0.5711,0.4895,0.8237,0.0,0.0,0.0407,0.0,0.1359,0.0,0.0163,0.097,0.9568,artifact,ocr_garbage,83
0.1601,3.455,0.0,0.0,0.008,0.0,0.4926,0.4088,0.9187,0.2367,0.0,0.0,0.1937,0.0026,0.0,0.0,0.0947,0.9556,artifact,ocr_garbage,84
0.0,3.4564,0.0,0.0,0.1264,0.0,0.5049,0.3825,0.7682,0.1775,0.0,0.0,0.0,0.0675,0.0137,0.0,0.0,0.9468,artifact,ocr_garbage,71
0.2345,3.3391,0.175,0.0,0.0,0.0,0.6371,0.3502,1.2009,0.034,0.0645,0.2157,0.0,0.1073,0.0155,0.0,0.0,0.8409,artifact,ocr_garbage,79
0.1956,3.2765,0.1351,0.0807,0.0,0.0253,0.4426,0.3514,1.2097,0.0,0.3433,0.0408,0.0,0.0701,0.2177,0.0,0.0,1.0101,artifact,ocr_garbage,67
0.2568,3.3269,0.1188,0.1628,0.0,0.0616,0.4497,0.424,1.1006,0.1182,0.022,0.0,0.0825,0.0,0.1079,0.032,0.1728,1.1017,artifact,ocr_garbage,68
0.1233,3.4714,0.1767,0.0285,0.0,0.0153,0.4336,0.4052,1.1523,0.0547,0.1331,0.0662,0.0907,0.2588,0.1312,0.0,0.0,0.7259,artifact,ocr_garbage,80
0.0123,3.1819,0.0899,0.1809,0.2321,0.142,0.27,0.5321,0.9285,0.2755,0.0,0.0,0.0,0.0,0.0,0.0,0.1447,1.0704,artifact,ocr_garbage,66
0.263,3.2894,0.1691,0.0,0.0,0.0,0.487,0.4723,0.998,0.0,0.0551,0.0,0.0,0.0789,0.0692,0.1262,0.2585,0.9493,artifact,ocr_garbage,80
0.3947,3.4484,0.0,0.0,0.0,0.1315,0.4586,0.5704,0.9373,0.0,0.0198,0.0042,0.0,0.0,0.0,0.0754,0.0674,0.8795,artifact,ocr_garbage,81
0.992,5.1126,0.0,0.0,0.2628,0.2524,0.872,0.7432,0.0321,0.0972,0.0439,0.0311,0.0,0.1635,0.0935,0.136,0.2084,0.6144,prose,latex,48
0.7326,5.1442,0.0,0.1011,0.0,0.436,0.5999,0.7124,0.0,0.2066,0.0028,0.0,0.1447,0.0,0.0557,0.0,0.0,0.4128,prose,latex,53
0.9421,5.0729,0.0708,0.0,0.148,0.3646,0.934,0.7099,0.2323,0.4082,0.0,0.0,0.1208,0.0,0.0,0.09,0.0,0.74,prose,latex,49
0.7846,5.0065,0.0511,0.073,0.0552,0.3252,0.8667,0.5821,0.1273,0.1256,0.0,0.3024,0.1773,0.1057,0.0,0.0275,0.0945,0.5004,prose,latex,51
0.8918,4.9297,0.0,0.0,0.1073,0.0051,0.8716,0.8868,0.3722,0.1142,0.0253,0.0,0.1858,0.0,0.1396,0.0,0.0,0.1686,prose,latex,48
1.0502,5.1868,0.0,0.0,0.1228,0.2888,0.8652,0.5729,0.1924,0.1884,0.0,0.0,0.2609,0.1224,0.0,0.1565,0.0715,0.51,prose,latex,47
0.8763,4.9216,0.0359,0.0,0.1389,0.461,0.9135,0.6686,0.0,0.2319,0.0,0.1287,0.086,0.0,0.0,0.0,0.0,0.2773,prose,latex,54
0.843,5.0535,0.0384,0.0895,0.0643,0.3823,0.7297,0.7488,0.2389,0.1516,0.2191,0.174,0.1712,0.0,0.0017,0.0559,0.0175,0.3495,prose,latex,56
0.8589,5.3677,0.0383,0.0313,0.0,0.2332,0.7969,0.6507,0.1906,0.2926,0.0,0.1258,0.0442,0.1489,0.1954,0.0,0.0093,0.3228,prose,latex,48
1.0111,4.9291,0.0,0.0,0.0,0.2953,0.8144,0.6156,0.0997,0.2082,0.0,0.1616,0.1904,0.0185,0.1141,0.044,0.1182,0.2931,prose,latex,50
1.0016,4.6903,0.0,0.1351,0.0,0.2688,0.8843,0.8811,0.2762,0.0355,0.0,0.0147,0.0,0.0591,0.0,0.0,0.0,0.3974,prose,markdown,49
0.9406,4.9175,0.0,0.0,0.1316,0.3962,0.8981,0.7824,0.1258,0.1874,0.0,0.0,0.1115,0.0226,0.0,0.2417,0.174,0.1976,prose,markdown,55
0.9938,5.0135,0.0,0.0,0.0105,0.5785,0.8969,0.6839,0.0,0.1829,0.037,0.2744,0.127,0.0351,0.0,0.111,0.0557,0.0985,prose,markdown,49
0.9056,4.9454,0.1622,0.0847,0.0,0.0355,0.8438,0.7837,0.0959,0.0,0.0511,0.1482,0.0583,0.0,0.0709,0.0,0.1367,0.3152,prose,markdown,56
1.0996,4.8879,0.0,0.4761,0.0,0.243,0.8026,0.6514,0.0,0.1533,0.0,0.106,0.1643,0.0,0.0,0.0267,0.0,0.4985,prose,markdown,35
1.0119,5.0697,0.0,0.0336,0.0348,0.185,0.9727,0.7405,0.2268,0.2371,0.157,0.0489,0.0455,0.0714,0.154,0.1006,0.0398,0.4237,prose,markdown,59
1.0223,5.0538,0.0,0.0,0.1268,0.2572,0.8951,0.5819,0.0586,0.0,0.0,0.053,0.1623,0.0035,0.0,0.157,0.0,0.3936,prose,markdown,49
0.9093,4.9938,0.064,0.0,0.0,0.1841,0.7197,0.7428,0.0,0.087,0.0885,0.0105,0.4689,0.0,0.0,0.0,0.0,0.259,prose,markdown,45
1.0616,4.8255,0.0474,0.083,0.0768,0.2237,0.9501,0.7514,0.2234,0.1187,0.0,0.0,0.1298,0.0,0.1785,0.0222,0.0,0.1591,prose,markdown,59
0.9566,4.7166,0.0,0.1533,0.2857,0.5136,1.0206,0.6632,0.0208,0.2421,0.0,0.0,0.0302,0.0,0.0,0.1153,0.0426,0.5834,prose,markdown,58
1.1189,4.8775,0.0,0.0712,0.1011,0.1925,0.8596,0.5661,0.2316,0.0774,0.0247,0.0,0.1297,0.0,0.0246,0.2286,0.0757,0.3395,prose,markdown,54
0.9867,5.0923,0.0311,0.0,0.1978,0.4114,0.9223,0.6299,0.009,0.1503,0.0,0.1868,0.0,0.0005,0.221,0.0413,0.0561,0.1498,prose,markdown,54
0.8263,4.9579,0.0,0.0535,0.0331,0.1851,0.767,0.8872,0.2093,0.1117,0.1701,0.1496,0.0,0.0501,0.1539,0.0884,0.0,0.2793,prose,markdown,58
1.0488,4.7758,0.0243,0.1194,0.0,0.503,0.959,0.6345,0.1136,0.1342,0.0,0.1501,0.1415,0.0,0.1161,0.1564,0.0,0.1973,prose,markdown,55
0.6807,4.6678,0.2113,0.0,0.1129,0.1901,0.8016,0.6187,0.1262,0.202,0.2026,0.0,0.0,0.0057,0.1065,0.1999,0.0,0.2593,prose,markdown_with_tables,56
0.9876,4.7654,0.0,0.0343,0.1422,0.1957,0.5593,0.989,0.1091,0.0,0.0045,0.1053,0.1116,0.3132,0.0987,0.0,0.2257,0.3063,prose,markdown_with_tables,48
0.6914,4.7976,0.0,0.1439,0.252,0.1876,0.7466,0.7808,0.024,0.0826,0.0219,0.0709,0.0845,0.0415,0.0,0.0231,0.0,0.2222,prose,markdown_with_tables,53
0.9149,5.0013,0.0516,0.0,0.0,0.2729,0.9771,0.6607,0.0,0.0976,0.092,0.0369,0.1973,0.0151,0.1187,0.0,0.0,0.2283,prose,markdown_with_tables,57
0.8952,4.9636,0.038,0.0875,0.0,0.247,0.9867,0.475,0.0,0.0296,0.0,0.0567,0.1528,0.1597,0.0276,0.1592,0.1661,0.1589,prose,markdown_with_tables,55
0.7184,4.7549,0.1732,0.0,0.0,0.375,0.9105,0.9344,0.0597,0.0142,0.1012,0.0,0.0007,0.255,0.0,0.0,0.1306,0.3268,prose,markdown_with_tables,58
1.0163,4.9838,0.0,0.0,0.0,0.1404,0.7873,0.8211,0.0,0.0,0.0,0.0,0.0,0.0,0.1173,0.1152,0.0,0.213,prose,markdown_with_tables,51
0.4983,4.5823,0.2082,0.0,0.0,0.1365,0.7457,0.8157,0.0,0.0,0.2652,0.3653,0.0855,0.0,0.0,0.0,0.1058,0.3899,prose,markdown_with_tables,59
0.8972,4.888,0.2168,0.0308,0.301,0.2563,0.9924,0.6853,0.1773,0.0323,0.0953,0.0077,0.0,0.0006,0.1575,0.0543,0.0,0.3744,prose,markdown_with_tables,54
0.7357,4.8807,0.0735,0.0,0.1032,0.4124,0.9021,0.8093,0.0802,0.1747,0.0,0.0,0.0,0.0212,0.0,0.0,0.0,0.3424,prose,markdown_with_tables,50
0.7498,4.947,0.0,0.2514,0.0,0.0178,0.7249,0.5923,0.0,0.0,0.0,0.2102,0.0138,0.0,0.0823,0.1782,0.0,0.081,prose,markdown_with_tables,58
0.3697,4.7046,0.0018,0.0,0.1878,0.4946,0.9616,0.7075,0.0,0.0,0.0847,0.0278,0.0,0.0595,0.0793,0.0,0.0577,0.3251,prose,simple,12
0.3513,4.4768,0.041,0.1897,0.0,0.191,0.91,0.9149,0.0,0.0,0.0568,0.0,0.0541,0.0405,0.0,0.0,0.0,0.2654,prose,simple,12
0.4716,4.1828,0.0,0.0923,0.0227,0.1108,1.0954,0.8965,0.0526,0.0,0.0773,0.1035,0.0,0.0,0.081,0.0028,0.0565,0.3895,prose,simple,12
0.4887,4.5513,0.1206,0.1278,0.0,0.1022,0.8414,0.7728,0.0,0.0888,0.0889,0.1303,0.1494,0.2011,0.0,0.0,0.1225,0.163,prose,simple,12
0.3745,4.2834,0.0,0.0,0.0,0.2283,0.9565,0.967,0.0,0.0,0.1096,0.0,0.0,0.0,0.0775,0.196,0.0,0.1859,prose,simple,13
0.4403,4.4842,0.0901,0.053,0.1502,0.2589,0.902,1.0678,0.0,0.0,0.1996,0.0,0.0,0.0,0.0,0.0,0.0,0.0412,prose,simple,12
0.4925,4.1683,0.2335,0.0,0.3223,0.175,0.9882,1.064,0.0,0.0,0.0,0.0947,0.0,0.0149,0.1398,0.0,0.099,0.1472,prose,simple,10
0.4682,4.2161,0.0,0.0219,0.1654,0.1662,0.9098,0.8104,0.0,0.1354,0.0,0.0,0.1312,0.0,0.0982,0.1615,0.0425,0.2159,prose,simple,12
0.3573,4.2632,0.0104,0.2158,0.366,0.0899,1.0162,0.8079,0.0,0.1167,0.0,0.0225,0.0,0.0957,0.0,0.0244,0.0305,0.076,prose,simple,15
0.3583,4.2427,0.0,0.1067,0.0,0.2547,1.0691,0.9183,0.0,0.0593,0.2737,0.0,0.1451,0.0534,0.093,0.0806,0.0,0.3455,prose,simple,11
0.33,4.2721,0.0,0.0,0.0,0.1901,0.8075,1.0285,0.1184,0.0,0.0,0.0686,0.0,0.0,0.1096,0.0,0.0222,0.5184,prose,simple,11
0.4487,4.4636,0.0573,0.0129,0.1598,0.1649,0.9757,0.8715,0.1749,0.0286,0.0,0.0027,0.1308,0.0,0.0,0.0,0.0,0.0828,prose,technical_with_code,29
0.4635,4.491,0.0,0.0,0.0324,0.3038,1.0541,0.8375,0.2311,0.0,0.0,0.0,0.0,0.2265,0.3927,0.0,0.0,0.307,prose,technical_with_code,28
0.4411,4.4046,0.1844,0.0029,0.3182,0.2314,0.7865,1.0402,0.0,0.0,0.0015,0.0,0.0422,0.1227,0.0,0.1627,0.1422,0.1087,prose,technical_with_code,34
0.4751,4.6163,0.0,0.0,0.0257,0.0635,1.0004,0.7151,0.0,0.0,0.0807,0.1035,0.2231,0.0692,0.0,0.074,0.0,0.2664,prose,technical_with_code,29
0.366,4.491,0.0403,0.0914,0.0,0.1489,0.9645,0.624,0.0,0.0912,0.0091,0.0,0.0,0.0671,0.0,0.0708,0.0,0.1943,prose,technical_with_code,26
0.6526,4.7218,0.0,0.0,0.3479,0.2084,1.1136,0.8398,0.0531,0.0,0.0,0.0929,0.2064,0.0,0.0,0.162,0.0007,0.2916,prose,technical_with_code,25
0.4552,4.6211,0.0,0.0175,0.0608,0.0154,0.9656,1.1083,0.3205,0.1749,0.0401,0.2048,0.0,0.0,0.0,0.181,0.0,0.2119,prose,technical_with_code,31
0.4716,4.4881,0.1267,0.0,0.1129,0.119,0.9173,0.8861,0.176,0.0,0.275,0.0,0.0255,0.2512,0.0,0.1742,0.0,0.0,prose,technical_with_code,29
0.6699,4.4163,0.0,0.0,0.0007,0.2324,1.0529,0.9101,0.0,0.1033,0.0,0.0,0.0,0.0,0.0987,0.076,0.1865,0.3172,prose,technical_with_code,35
0.7317,4.4549,0.0407,0.0,0.1173,0.0,1.1265,1.0428,0.0564,0.0,0.1154,0.2746,0.0563,0.0,0.0,0.0603,0.0176,0.2498,prose,technical_with_code,28
0.3836,4.7555,0.0588,0.0049,0.027,0.2353,0.8239,0.8138,0.0966,0.0984,0.0,0.0,0.0947,0.0215,0.1425,0.1069,0.117,0.2718,prose,technical_with_code,28
0.8343,4.4057,0.0,0.0239,0.22,0.2036,0.9828,0.9509,0.1961,0.0,0.0429,0.0395,0.0952,0.0,0.0,0.0,0.0,0.0954,prose,technical_with_code,27
0.6862,4.472,0.0,0.0,0.0,0.1175,1.1126,0.7359,0.0795,0.0,0.0332,0.0199,0.0589,0.1653,0.0722,0.1086,0.2922,0.3449,prose,technical_with_code,31
0.5074,4.4243,0.0,0.3288,0.0783,0.2788,1.0296,0.9197,0.1411,0.053,0.0,0.1104,0.0,0.1856,0.0,0.0,0.0,0.2918,prose,technical_with_code,31
0.4036,4.3537,0.1074,0.1899,0.1941,0.1944,1.1658,0.5756,0.2306,0.0828,0.0,0.0,0.0,0.1613,0.1405,0.0,0.2295,0.3677,prose,technical_with_code,30
0.172,4.7298,0.0,0.0,0.0,0.1732,0.794,0.7735,0.0,0.1777,0.965,0.0474,0.0649,0.0,0.0,0.1367,0.1648,1.293,structured,csv_data,22
0.1164,4.7392,0.0,0.0754,0.2204,0.1378,0.8485,0.8639,0.0,0.0,0.7804,0.0364,0.0675,0.0,0.0467,0.043,0.204,0.8657,structured,csv_data,19
0.0,4.5336,0.0,0.0,0.0,0.0,0.619,0.9324,0.0,0.1138,0.8607,0.0,0.0,0.0125,0.0,0.0,0.0348,1.0345,structured,csv_data,19
0.1723,4.8511,0.0,0.0,0.0,0.0668,0.7011,0.938,0.1511,0.0,0.9897,0.0685,0.2269,0.1473,0.0,0.0,0.034,0.8048,structured,csv_data,19
0.0,4.7261,0.0,0.0439,0.0,0.2277,0.6004,0.788,0.0747,0.0,0.958,0.0379,0.2098,0.0,0.0163,0.0,0.0374,0.8252,structured,csv_data,21
0.0352,4.6288,0.1657,0.0,0.046,0.0,0.6819,1.1536,0.0829,0.2065,0.8687,0.0214,0.0,0.0,0.0,0.0711,0.1469,1.0097,structured,csv_data,22
0.0812,4.6551,0.1396,0.0,0.0,0.0693,0.9244,0.9283,0.0,0.0,1.239,0.1248,0.0,0.1201,0.0704,0.088,0.0,1.0381,structured,csv_data,23
0.0169,4.873,0.0,0.0,0.0504,0.0,0.643,1.1007,0.0309,0.0108,0.953,0.0,0.1262,0.0,0.1065,0.0,0.0936,1.1495,structured,csv_data,25
0.1287,4.9465,0.0,0.1092,0.0,0.0,0.942,0.9382,0.0,0.1168,1.0698,0.0,0.0942,0.1084,0.0,0.0,0.0437,1.0101,structured,csv_data,22
0.0,4.8932,0.0,0.0354,0.0,0.0189,0.8729,1.0445,0.0593,0.0095,0.8693,0.0559,0.0,0.0,0.1687,0.2656,0.0,1.1087,structured,csv_data,23
0.1521,4.7063,0.084,0.0245,0.0,0.119,1.0117,1.1154,0.0,0.0,1.1124,0.0902,0.0,0.0,0.0,0.0753,0.0,1.0913,structured,csv_data,20
0.2798,4.6853,0.0031,0.0,0.0039,0.124,0.7363,0.6994,0.0004,0.0,0.9292,0.0,0.2133,0.0,0.0,0.0,0.0263,0.9261,structured,csv_data,26
0.0475,4.7845,0.0483,0.0,0.1781,0.1722,0.9351,0.7842,0.1167,0.0505,1.1294,0.0244,0.0,0.1281,0.3496,0.0,0.0,1.1118,structured,csv_data,23
0.2393,4.7751,0.2821,0.072,0.1356,0.1027,0.7359,1.0538,0.0,0.0,0.9861,0.144,0.0,0.0715,0.0479,0.022,0.1287,0.8476,structured,csv_with_headers,24
0.023,4.8288,0.0,0.0,0.0417,0.0,0.7894,1.1842,0.0,0.0881,1.0234,0.0,0.0398,0.0,0.0243,0.0,0.0826,0.8772,structured,csv_with_headers,21
0.0726,4.8922,0.0,0.0,0.0,0.1504,0.5557,0.7629,0.0,0.0,0.9982,0.0252,0.0,0.1398,0.033,0.0107,0.2042,0.9474,structured,csv_with_headers,19
0.4232,4.9219,0.0,0.1382,0.0,0.0661,0.8276,1.0787,0.0,0.0,1.1374,0.0618,0.1367,0.0,0.0,0.0132,0.0,0.9587,structured,csv_with_headers,24
0.175,4.8616,0.1134,0.0457,0.0107,0.0977,0.7565,1.0659,0.202,0.0,0.8167,0.0054,0.0596,0.0735,0.1726,0.2116,0.0,0.9335,structured,csv_with_headers,20
0.0067,4.844,0.0894,0.0,0.0,0.0,0.8095,1.2711,0.0623,0.2195,1.0854,0.0697,0.0606,0.0,0.0588,0.0,0.0,1.234,structured,csv_with_headers,21
0.088,4.8937,0.0,0.0476,0.1631,0.0085,0.7766,1.011,0.14,0.0,0.9536,0.0,0.0,0.3018,0.0265,0.0,0.0821,0.7762,structured,csv_with_headers,23
0.0,4.9714,0.0,0.0,0.227,0.0,0.7596,1.0148,0.0,0.0,0.8708,0.0,0.0859,0.0303,0.1316,0.003,0.1553,0.9283,structured,csv_with_headers,21
0.3525,4.9334,0.0,0.0975,0.0,0.0,0.4652,0.9887,0.0,0.0,0.8899,0.1796,0.1606,0.0,0.0,0.0,0.0,1.0767,structured,csv_with_headers,21
0.1452,4.8434,0.0387,0.0,0.1289,0.1859,0.7569,1.0981,0.0,0.1785,0.9487,0.0,0.0364,0.0368,0.0,0.0295,0.0502,0.9182,structured,csv_with_headers,22
0.2777,4.6329,0.0,0.0216,0.0,0.2048,0.7525,1.022,0.0,0.0792,1.0045,0.0381,0.0282,0.0762,0.0,0.0408,0.1276,1.0042,structured,csv_with_headers,24
0.665,5.7179,0.0,0.0,0.0,0.1335,0.6408,0.8374,0.0633,0.1852,0.0061,0.1709,1.1419,0.0,0.0,0.1683,0.0,0.9506,structured,env_config,31
0.6598,5.6637,0.0991,0.0644,0.0525,0.1689,0.7338,1.0177,0.0,0.2067,0.0,0.0,0.9683,0.1398,0.0389,0.0364,0.0,0.9063,structured,env_config,32
0.6057,5.5752,0.0,0.076,0.0,0.0,0.7868,1.0197,0.2264,0.193,0.0,0.0706,0.9187,0.0,0.0896,0.0018,0.0,0.8475,structured,env_config,31
0.2742,5.5353,0.0,0.0,0.0,0.0219,0.6753,0.8264,0.2398,0.2126,0.0,0.0,1.0044,0.0823,0.0109,0.0,0.0,0.6562,structured,env_config,25
0.5644,5.435,0.0,0.1962,0.0,0.0,0.5426,1.061,0.2301,0.0125,0.0975,0.0,1.0339,0.0,0.0,0.0,0.089,0.9278,structured,env_config,30
0.6876,5.6024,0.0,0.159,0.0,0.0,0.7937,1.0845,0.2465,0.223,0.0087,0.0,1.1708,0.0,0.0928,0.0657,0.0,0.9028,structured,env_config,31
0.7039,5.6932,0.0,0.147,0.0,0.045,0.781,1.1252,0.052,0.0,0.1092,0.0978,0.8903,0.0431,0.1422,0.0,0.0,0.9047,structured,env_config,28
0.441,5.5945,0.0,0.0,0.0675,0.3511,0.7875,0.9039,0.0698,0.011,0.0,0.0,0.8079,0.0,0.0,0.0,0.0,0.7779,structured,env_config,30
0.4454,5.7032,0.0437,0.0731,0.0646,0.0,0.8139,1.0082,0.2144,0.2773,0.0312,0.0,1.0836,0.0923,0.1275,0.092,0.1343,0.8609,structured,env_config,26
0.6511,5.4989,0.0,0.0797,0.0,0.0,0.8226,1.0645,0.0721,0.0005,0.0,0.0024,1.1061,0.0759,0.0713,0.0,0.0,0.9048,structured,env_config,28
0.5858,5.7079,0.1734,0.0,0.0041,0.0,0.8436,0.9931,0.0,0.0,0.0719,0.0,0.9256,0.2384,0.0,0.0,0.1352,0.8025,structured,env_config,26
0.6038,5.7472,0.0,0.0585,0.1224,0.0,0.8096,0.9842,0.0,0.1041,0.0,0.0398,0.819,0.2318,0.2703,0.0,0.0,0.8395,structured,env_config,29
0.4979,5.4974,0.0,0.0811,0.0,0.0756,0.8667,0.8695,0.0315,0.0666,0.1647,0.1101,0.9764,0.1923,0.1046,0.0,0.0408,0.9621,structured,env_config,27
1.1337,4.1229,1.1541,0.0,0.2923,0.0,0.7617,0.9732,0.4722,0.1334,0.0417,0.0,0.7066,0.0,0.1637,0.1092,0.0,0.4452,structured,json_object,45
0.7514,4.3185,0.7901,0.0936,0.0,0.0602,0.8584,1.0146,0.5979,0.1366,0.0,0.0196,0.7541,0.0,0.2023,0.0,0.0,0.2949,structured,json_object,54
0.6728,4.0245,1.1262,0.0873,0.0,0.0,0.7872,0.957,0.4688,0.0,0.0,0.1401,0.7351,0.0465,0.0377,0.0,0.0,0.5615,structured,json_object,51
0.7035,4.1773,0.8304,0.0,0.0249,0.3934,0.6678,1.2022,0.2185,0.0,0.0624,0.0,0.572,0.1259,0.0,0.0775,0.0453,0.5879,structured,json_object,44
0.7109,4.0227,1.0217,0.0786,0.1226,0.0775,0.6811,0.9335,0.5365,0.0,0.0,0.0,0.646,0.0,0.131,0.0,0.0,0.3764,structured,json_object,52
0.654,4.1585,0.8639,0.0,0.0,0.1042,0.5216,0.8392,0.4047,0.0338,0.1226,0.0669,0.6999,0.1579,0.0,0.0,0.1513,0.2969,structured,json_object,60
0.8977,4.1774,0.8385,0.2777,0.0,0.0192,0.6591,1.0168,0.6516,0.0,0.0643,0.0584,0.7583,0.0231,0.0358,0.0617,0.0,0.3209,structured,json_object,51
0.7229,4.32,0.8108,0.0,0.0,0.0,0.7146,0.9307,0.622,0.0,0.0,0.0,0.7137,0.0,0.0263,0.0,0.0,0.3963,structured,json_object,48
0.6388,4.1328,0.8678,0.0,0.0,0.0,0.7385,1.0201,0.674,0.0,0.0,0.0,0.4513,0.0,0.0205,0.2985,0.0585,0.3422,structured,json_object,52
0.8519,4.0875,0.9161,0.0,0.2348,0.0,0.8639,0.7824,0.451,0.1119,0.0786,0.0,0.7723,0.1184,0.0043,0.1635,0.0,0.355,structured,json_object,53
0.8555,4.1355,0.707,0.0,0.0815,0.1337,0.9793,1.078,0.3399,0.0,0.0,0.0291,0.609,0.218,0.0,0.0,0.065,0.4925,structured,json_object,49
1.0127,4.2288,0.7923,0.0,0.1264,0.0,0.6901,0.8943,0.6061,0.0626,0.0527,0.0477,0.6284,0.1049,0.0,0.1912,0.1183,0.3944,structured,json_object,53
0.7461,4.2614,0.7428,0.0,0.0,0.0202,0.8396,0.9055,0.5405,0.0,0.0,0.0413,0.7317,0.0,0.1023,0.0,0.0,0.2978,structured,json_object,62
0.858,4.0377,0.7679,0.0,0.1095,0.0,0.8195,0.8693,0.7489,0.0983,0.2135,0.1412,0.536,0.0169,0.0,0.0456,0.2356,0.6219,structured,json_object,59
0.7214,3.9938,0.8097,0.0,0.0996,0.1725,0.6907,0.934,0.7764,0.2291,0.0681,0.2209,0.5627,0.0689,0.0961,0.0632,0.135,0.6526,structured,json_object,49
0.0725,4.6954,0.0,0.0,0.0195,0.0,0.7457,1.191,0.0,0.0775,0.7205,0.0701,0.905,0.0,0.0,0.0,0.0657,0.567,structured,jsonl_data,19
0.3483,4.8787,0.0006,0.0,0.059,0.019,0.5335,1.0656,0.0,0.0261,0.5221,0.0379,0.9396,0.0,0.0,0.2345,0.4004,0.8147,structured,jsonl_data,18
0.0,4.9147,0.0,0.0,0.016,0.0124,0.6024,0.9973,0.0284,0.0,0.8193,0.1633,1.0264,0.0,0.0058,0.0,0.0,0.7021,structured,jsonl_data,17
0.0861,4.9937,0.2543,0.0303,0.0,0.08,0.6594,1.0361,0.0,0.1086,0.6886,0.0884,0.9362,0.03,0.0,0.0,0.0,0.658,structured,jsonl_data,16
0.0,4.6869,0.0,0.1854,0.0154,0.0,0.627,0.8952,0.0,0.0479,0.7697,0.0921,1.2228,0.0,0.242,0.0,0.1616,0.8258,structured,jsonl_data,21
0.0442,4.8891,0.0,0.0299,0.0,0.0148,0.646,1.0552,0.0,0.2432,0.4745,0.0,1.1472,0.0,0.0,0.0,0.0,0.6276,structured,jsonl_data,16
0.0,4.9423,0.0,0.0,0.0,0.0,0.6627,1.1253,0.0,0.0,0.7633,0.1701,1.0187,0.2261,0.1145,0.0,0.0,0.6981,structured,jsonl_data,19
0.0336,4.9222,0.0,0.0,0.0,0.014,0.645,0.9657,0.0127,0.0,0.6565,0.0,1.0764,0.0891,0.0042,0.0988,0.104,0.7383,structured,jsonl_data,17
0.0,4.846,0.0656,0.0,0.1043,0.1055,0.6466,0.8767,0.0,0.1919,0.4275,0.0,0.9554,0.1027,0.1349,0.0972,0.0,0.6022,structured,jsonl_data,20
0.1013,4.8223,0.0,0.0,0.1448,0.0,0.7056,0.8797,0.1169,0.2422,0.81,0.0504,0.8934,0.0,0.0,0.0,0.0,0.673,structured,jsonl_data,16
0.092,4.8571,0.0,0.0042,0.1679,0.0,0.7541,0.8915,0.0,0.0,0.7202,0.0,1.0895,0.0676,0.178,0.062,0.0,0.5729,structured,jsonl_data,19
0.0,4.7998,0.0,0.1731,0.0967,0.0,0.6944,0.9651,0.0733,0.1191,0.7569,0.0,0.9162,0.0,0.0,0.0,0.0944,0.6793,structured,jsonl_data,18
0.2407,4.7751,0.1895,0.0,0.0027,0.0,0.9314,0.9131,0.0,0.1572,0.0,0.1274,1.0148,0.075,0.0165,0.0,0.0,1.1034,structured,key_value,25
0.484,4.8219,0.0263,0.135,0.0,0.0,0.9784,1.0308,0.0011,0.2009,0.0,0.0,1.2669,0.0013,0.1357,0.0,0.1316,1.086,structured,key_value,23
0.3921,4.4797,0.0,0.0301,0.0,0.0,0.8663,1.03,0.0,0.1948,0.1503,0.0,1.1923,0.0826,0.1845,0.0,0.2664,0.9731,structured,key_value,26
0.4333,4.9643,0.0012,0.0,0.0572,0.0,0.7209,0.8303,0.0,0.2821,0.0909,0.0,0.9028,0.0,0.0,0.0635,0.2701,1.1673,structured,key_value,26
0.2468,4.778,0.0,0.0,0.0225,0.0531,0.8047,1.0112,0.0392,0.2821,0.0,0.0493,0.858,0.0141,0.1125,0.1711,0.3467,0.8642,structured,key_value,23
0.153,4.8067,0.2155,0.1448,0.0036,0.0,0.6833,1.1014,0.0,0.2599,0.0,0.0,0.9926,0.0,0.0143,0.0178,0.2116,0.8843,structured,key_value,24
0.3047,4.8614,0.0,0.0048,0.0191,0.2044,0.7626,0.9294,0.0,0.2242,0.2058,0.0384,0.8969,0.0,0.2662,0.0,0.2851,0.8493,structured,key_value,24
0.3188,4.5001,0.0116,0.0637,0.063,0.0,1.0159,0.8469,0.2174,0.0,0.0,0.1746,1.1312,0.0,0.0506,0.0,0.0,1.0297,structured,key_value,30
0.2382,4.7756,0.0,0.3489,0.0,0.0431,0.7602,1.0061,0.076,0.3181,0.0,0.283,1.0977,0.093,0.0382,0.0,0.2685,0.9181,structured,key_value,28
0.4837,4.8924,0.045,0.2124,0.0181,0.0,0.8054,1.1068,0.0,0.169,0.0567,0.0,1.0697,0.0,0.0027,0.0,0.1835,1.0609,structured,key_value,26
0.0872,5.5532,0.0,0.0,0.0501,0.0,0.9237,1.0766,0.028,0.0,0.1272,0.0712,0.5122,0.0443,0.9283,0.1049,0.0,0.3785,structured,log_lines,18
0.1802,5.2564,0.0521,0.0,0.0,0.0,0.9559,0.8901,0.1459,0.0,0.0802,0.0,0.445,0.0,1.1859,0.0,0.0764,0.4835,structured,log_lines,21
0.0327,5.4745,0.0204,0.0,0.0005,0.1868,0.7988,0.9691,0.0,0.0,0.024,0.0,0.5087,0.0,0.9775,0.0,0.0592,0.538,structured,log_lines,21
0.1768,5.3301,0.0,0.1431,0.1953,0.0,1.0247,0.8552,0.1287,0.1618,0.2936,0.0,0.4348,0.0,1.049,0.0,0.4021,0.3825,structured,log_lines,21
0.1955,5.3933,0.0,0.0,0.1896,0.0112,0.7256,0.9381,0.0,0.0803,0.1031,0.0081,0.3128,0.0023,1.0269,0.0072,0.3766,0.5432,structured,log_lines,18
0.2285,5.48,0.0328,0.0325,0.0,0.0034,0.6232,0.8793,0.0,0.0,0.2142,0.0399,0.5326,0.0033,1.0139,0.0,0.2518,0.5921,structured,log_lines,22
0.096,5.1788,0.0,0.0,0.1028,0.0,1.0587,0.9742,0.1474,0.0,0.1096,0.0,0.4662,0.0,0.8068,0.2659,0.0789,0.4005,structured,log_lines,18
0.1545,5.3358,0.0341,0.0,0.0,0.0,0.6208,1.0438,0.0498,0.1291,0.0,0.1158,0.421,0.1185,1.2533,0.0,0.0,0.645,structured,log_lines,20
0.3051,5.2498,0.0548,0.1659,0.0,0.0854,0.847,0.9858,0.0,0.0,0.0,0.1519,0.6252,0.0802,0.8673,0.0,0.0489,0.4736,structured,log_lines,20
0.2394,5.5334,0.1206,0.0,0.0,0.0,1.0811,0.8719,0.0,0.0729,0.0,0.1704,0.5103,0.0,1.0906,0.0194,0.1582,0.6056,structured,log_lines,23
0.157,5.5736,0.1097,0.0721,0.0267,0.0,0.8096,1.1516,0.077,0.0552,0.0,0.0595,0.6918,0.1681,0.779,0.053,0.1229,0.4982,structured,log_lines,21
0.143,5.3298,0.1231,0.0,0.0,0.0,0.8305,0.9028,0.0288,0.0,0.0,0.1566,0.5458,0.0,1.151,0.0,0.0,0.3015,structured,log_lines,25
1.3973,4.7455,0.7972,0.1487,0.1536,0.1411,0.6338,0.8984,0.3852,0.0498,0.6414,0.01,0.6662,0.0789,0.1633,0.0,0.0731,0.1877,structured,mixed_json_prose,29
1.2016,4.8719,0.6412,0.1387,0.0116,0.0,0.673,1.1408,0.2361,0.0156,0.4697,0.0,0.6126,0.0524,0.0,0.0,0.0,0.1274,structured,mixed_json_prose,28
1.2227,4.5438,0.8082,0.0175,0.0,0.0851,0.7986,1.2181,0.5523,0.0766,0.6608,0.0,0.7953,0.0,0.0,0.1671,0.2085,0.3354,structured,mixed_json_prose,29
1.2626,4.685,0.3199,0.0379,0.0647,0.0084,0.8351,0.7657,0.2361,0.0,0.6918,0.1348,0.6947,0.0,0.0,0.0487,0.0,0.4116,structured,mixed_json_prose,29
1.2325,4.5479,0.5612,0.0172,0.0,0.0901,0.8411,1.0089,0.4683,0.1137,0.5163,0.2949,0.8762,0.0,0.0,0.2135,0.0076,0.5643,structured,mixed_json_prose,28
0.9509,4.7654,0.7779,0.0759,0.1002,0.0,0.6813,1.1448,0.5561,0.0483,0.66,0.0151,0.5694,0.0079,0.0,0.1562,0.138,0.5115,structured,mixed_json_prose,28
1.0931,4.5288,0.6684,0.0,0.1466,0.0846,0.6462,1.0748,0.3532,0.0,0.4954,0.0581,0.7953,0.0646,0.0,0.0369,0.0,0.3838,structured,mixed_json_prose,28
1.2936,4.6508,0.5883,0.0141,0.0,0.0818,0.9403,1.1846,0.4242,0.2305,0.8535,0.0,0.4713,0.0643,0.0,0.0591,0.1255,0.21,structured,mixed_json_prose,29
1.1265,4.6902,0.6972,0.0,0.341,0.1477,0.578,0.8745,0.2504,0.0227,0.6553,0.0598,0.7567,0.1954,0.0,0.1072,0.0,0.2127,structured,mixed_json_prose,26
1.3413,4.8839,0.56,0.0,0.1057,0.0655,0.9089,0.9487,0.3118,0.2644,0.4183,0.0201,0.5746,0.0,0.0,0.0,0.2853,0.4043,structured,mixed_json_prose,27
1.2321,4.8197,0.6013,0.0,0.0008,0.0249,0.7645,0.9927,0.2983,0.189,0.6521,0.1229,0.5405,0.2089,0.0221,0.0982,0.1576,0.3622,structured,mixed_json_prose,27
1.2816,4.9219,0.8438,0.0,0.0,0.0,0.7247,0.8099,0.3567,0.0687,0.4546,0.0169,0.7221,0.0203,0.0,0.0,0.2483,0.3189,structured,mixed_json_prose,27
1.2652,4.741,0.912,0.0,0.003,0.0,0.9046,1.1661,0.599,0.2115,0.6278,0.3023,0.934,0.0,0.0,0.0,0.0991,0.5985,structured,mixed_json_prose,32
1.213,4.633,1.0792,0.0,0.0,0.0,0.7044,0.8987,0.3476,0.3067,0.4805,0.0391,0.6836,0.0477,0.2885,0.0,0.0942,0.295,structured,mixed_json_prose,25
0.0,4.2865,0.0,0.0,0.0485,0.2165,0.8576,1.0546,0.0,0.0,1.0383,0.0,0.0929,0.0,0.0245,0.0,0.1201,0.9197,structured,pipe_table,19
0.1592,4.2064,0.15,0.1179,0.1583,0.0,0.9113,1.0156,0.0,0.1076,0.9581,0.1182,0.0122,0.0839,0.0,0.0,0.0,0.8418,structured,pipe_table,24
0.0364,4.3916,0.0,0.0657,0.1828,0.0873,0.6632,1.1728,0.0224,0.0,1.1063,0.1018,0.0,0.0,0.0,0.0978,0.0368,0.8162,structured,pipe_table,18
0.0,3.9279,0.172,0.0031,0.0458,0.0,0.7192,0.8107,0.0,0.1445,1.1936,0.0386,0.0,0.0217,0.0,0.262,0.0572,1.0404,structured,pipe_table,22
0.0,4.1668,0.0414,0.0,0.0,0.0089,0.9397,1.0151,0.0346,0.0796,0.9142,0.0682,0.0,0.0,0.0,0.0,0.1027,1.1302,structured,pipe_table,24
0.0,3.9127,0.0,0.0,0.1208,0.003,0.7871,1.2744,0.0066,0.0754,1.1055,0.0706,0.0415,0.0336,0.1321,0.0,0.0639,0.9599,structured,pipe_table,19
0.0501,3.9711,0.0,0.0,0.1047,0.0114,0.78,0.9812,0.0973,0.0744,1.1469,0.0,0.0,0.0362,0.0193,0.0,0.3555,0.9738,structured,pipe_table,22
0.0475,3.986,0.0,0.0,0.0829,0.0,0.7233,1.1212,0.0,0.1857,1.0105,0.019,0.0337,0.0,0.0,0.0,0.0505,0.9518,structured,pipe_table,24
0.1023,4.122,0.0,0.0,0.0,0.0,0.7936,0.9865,0.0,0.0,1.1085,0.0,0.0,0.0,0.0,0.0966,0.1615,0.7447,structured,pipe_table,19
0.0038,4.1415,0.0,0.08,0.0976,0.109,0.7891,0.932,0.0,0.1418,1.085,0.013,0.2358,0.0,0.0,0.0063,0.0592,1.0264,structured,pipe_table,25
0.1161,3.9818,0.0,0.0,0.0,0.018,0.833,0.9301,0.0,0.1015,0.7282,0.1745,0.1243,0.0,0.0,0.0196,0.0,1.0402,structured,pipe_table,23
0.145,4.5919,0.0,0.1703,0.0667,0.1078,0.7148,0.8596,0.1507,0.0459,1.0203,0.0,0.1018,0.0,0.0,0.0,0.4275,0.8563,structured,tsv_data,26
0.0,4.4451,0.0,0.0,0.0325,0.0126,0.6297,1.1525,0.2258,0.0,1.0799,0.2165,0.0,0.0,0.1678,0.0,0.3787,1.1631,structured,tsv_data,24
0.0,4.7878,0.0037,0.0808,0.1241,0.0,0.9683,0.8016,0.0563,0.3358,1.0749,0.043,0.0,0.1553,0.0921,0.0,0.2362,1.1073,structured,tsv_data,21
0.1187,4.8163,0.1159,0.0,0.0,0.0,0.6263,1.0813,0.0,0.2089,0.9645,0.2632,0.0,0.0,0.0,0.1677,0.4988,1.0553,structured,tsv_data,25
0.0642,4.7713,0.1871,0.0801,0.0,0.0,0.6483,1.0565,0.0,0.2069,1.0537,0.081,0.0,0.0766,0.129,0.0,0.2106,1.0842,structured,tsv_data,23
0.0682,4.3213,0.1887,0.2884,0.0,0.1287,0.9178,1.3551,0.1025,0.0026,0.9355,0.0033,0.0929,0.0,0.0586,0.0,0.2892,0.7244,structured,tsv_data,22
0.1322,4.5827,0.0,0.347,0.0165,0.0,0.8036,0.744,0.1339,0.0524,0.8302,0.1849,0.0989,0.0,0.0008,0.0832,0.2343,1.0487,structured,tsv_data,23
0.2147,4.5745,0.0,0.0711,0.0,0.0157,0.7306,1.2163,0.0735,0.0,0.9638,0.0112,0.0732,0.0,0.1884,0.0,0.0836,1.085,structured,tsv_data,23
0.1774,4.595,0.0,0.0,0.0,0.0217,0.8253,1.0564,0.0,0.2194,1.0001,0.1497,0.0,0.0511,0.0,0.0041,0.4063,0.9951,structured,tsv_data,19
0.249,4.5204,0.0,0.2828,0.0,0.0062,0.7649,0.8557,0.0,0.0,0.9305,0.2046,0.0409,0.0,0.0374,0.0,0.199,1.0428,structured,tsv_data,17
0.0,4.2597,0.0,0.0,0.1101,0.1796,0.835,1.0295,0.0456,0.1445,1.1926,0.0,0.0369,0.052,0.1087,0.0254,0.0,0.6125,structured,pipe_table,13
0.0,4.2991,0.0,0.3265,0.0409,0.0,0.8523,1.0279,0.1465,0.2102,0.8457,0.113,0.0,0.0,0.0667,0.0,0.0238,0.8712,structured,pipe_table,10
0.033,4.2229,0.0212,0.0,0.0,0.0,0.9912,1.1117,0.2509,0.1226,0.8946,0.0608,0.0,0.0466,0.0907,0.0,0.0,0.7738,structured,pipe_table,13
0.0,4.3243,0.0623,0.0,0.0757,0.0,0.6125,0.9766,0.0545,0.2047,1.0669,0.0,0.0,0.0,0.0,0.1471,0.2665,0.4791,structured,pipe_table,13
0.1691,4.3217,0.0137,0.1472,0.0931,0.0,0.8445,1.3004,0.0,0.1463,0.8478,0.0,0.0,0.0,0.0438,0.0,0.0,0.3135,structured,pipe_table,13
0.1179,4.3691,0.0,0.1004,0.0,0.198,0.963,1.0382,0.1982,0.3592,0.8615,0.0821,0.0,0.0,0.0895,0.0118,0.1138,0.744,structured,pipe_table,15
0.0107,4.2439,0.1204,0.0,0.2344,0.0228,0.8463,1.0568,0.1303,0.1691,0.9764,0.0,0.0337,0.0,0.1084,0.0756,0.1392,0.5886,structured,pipe_table,12
0.2337,4.2278,0.1314,0.0,0.0345,0.0,1.0151,1.1051,0.008,0.0,0.9297,0.0,0.1702,0.0,0.0821,0.0,0.079,0.5716,structured,pipe_table,9
0.0,4.2282,0.0,0.0735,0.0,0.0,0.9542,1.0258,0.0,0.0,1.0904,0.246,0.1135,0.0,0.0,0.1957,0.0597,0.5638,structured,pipe_table,12
0.0,4.2089,0.0,0.0,0.0498,0.0,0.7813,0.839,0.0,0.2169,1.2291,0.0,0.0358,0.0,0.0,0.0025,0.0,0.6067,structured,pipe_table,15
0.0846,4.2374,0.0,0.1063,0.0495,0.0,0.693,1.0585,0.1066,0.0752,0.8685,0.1645,0.0,0.0235,0.0,0.1497,0.0838,0.5818,structured,pipe_table,13
0.0,4.471,0.0,0.0061,0.1145,0.0,0.9147,0.916,0.0,0.0534,1.1262,0.0,0.0,0.0,0.0253,0.0,0.1257,0.3067,structured,pipe_table,14
0.004,4.9137,0.1701,0.1938,0.0345,0.0,0.8172,1.1006,0.0,0.209,0.7955,0.0,0.0499,0.0668,0.0311,0.0655,0.3098,0.343,structured,tsv_data,8
0.095,4.8343,0.0,0.1274,0.1156,0.0771,0.9308,1.0436,0.0,0.0218,0.9808,0.0,0.0348,0.123,0.1445,0.0848,0.263,0.3774,structured,tsv_data,6
0.0,4.7196,0.0,0.0967,0.0,0.0,0.9127,1.1219,0.0,0.0,1.2686,0.0374,0.2829,0.1957,0.0,0.0,0.1442,0.6269,structured,tsv_data,9
0.0,5.0139,0.0179,0.0325,0.0,0.1368,0.6692,0.8893,0.0,0.0545,1.073,0.0,0.0458,0.0,0.0696,0.0037,0.2968,0.6117,structured,tsv_data,8
0.2502,5.0907,0.0,0.1573,0.1601,0.0,0.9589,0.9761,0.2547,0.0,0.9241,0.0,0.0279,0.0171,0.0,0.0314,0.2831,0.312,structured,tsv_data,6
0.042,4.7911,0.0735,0.1692,0.1453,0.0,0.7893,0.9194,0.0,0.0,0.9863,0.079,0.0,0.0666,0.0142,0.0,0.0,0.715,structured,tsv_data,9
0.246,4.9392,0.1589,0.056,0.0,0.0896,0.8355,0.9497,0.0,0.0,0.9782,0.1213,0.0,0.0528,0.2391,0.1092,0.0767,0.5537,structured,tsv_data,8
0.0048,5.0253,0.0,0.0,0.138,0.1171,0.9818,0.6789,0.0,0.0,1.2138,0.0749,0.0612,0.0442,0.1099,0.0,0.0887,0.8524,structured,tsv_data,10
0.1722,4.822,0.1181,0.1358,0.0,0.0385,0.8913,0.9667,0.044,0.2592,0.9815,0.0,0.0,0.0,0.0,0.0,0.1534,0.7015,structured,tsv_data,8
0.022,4.8633,0.0,0.2103,0.0,0.2244,0.9682,0.8905,0.0,0.0,1.0023,0.0624,0.2261,0.0141,0.0,0.0,0.1232,0.7563,structured,tsv_data,9
0.1131,4.9855,0.0,0.0495,0.0,0.0,0.8787,0.9442,0.0,0.0516,1.0954,0.1694,0.0,0.075,0.0,0.0,0.1265,0.6655,structured,tsv_data,9
0.2028,5.0312,0.0033,0.0,0.1032,0.0525,1.2542,0.822,0.2138,0.1418,1.1069,0.0,0.1287,0.0185,0.02,0.0,0.125,0.6647,structured,tsv_data,9
0.0,4.772,0.0,0.0,0.2001,0.1,1.1109,0.8302,0.1006,0.0,1.0451,0.0,0.112,0.0176,0.0,0.1046,0.21,0.7911,structured,tsv_data,7
